Customer ID,Name,Age,Gender,Address,Email,Phone Number,Account Type,Account Balance,Registration Date
24b6ef4a-6310-40de-b589-60d4b75f68e5,Mark Montgomery,47,Female,"52662 Olsen Keys Apt. 350
New Lauren, KS 90632",sanchezkyle@hotmail.com,190-175-3164x84539,Checking,9391.74,2024-03-19
a0ae8e10-73eb-4bfe-8187-5760c4a243e6,Jason King,84,Male,"13849 Romero Stream
Jacquelinechester, ND 31821",elewis@hotmail.com,001-985-792-0564,Checking,8395.59,2021-06-19
56c99350-9f0f-4cfc-8f8a-379b0c7848df,Steven Whitaker,86,Female,"3801 Brianna Ways
Thomasmouth, KY 06857",simmonschristopher@johnston.info,(245)011-5138,Savings,35086.3,2020-06-25
31398298-f9c6-40c2-8c56-9a9717c46b65,Terri Lucero,59,Male,"026 Norman Villages Suite 475
South Christopher, MN 22190",mbeltran@gmail.com,432.911.9239x197,Checking,93745.8,2024-05-17
282692f2-6693-4f4d-9beb-50239666f9fc,Jeremy Mason,25,Female,"9115 Lee Route Apt. 784
Sanchezmouth, DC 07910",carrie14@gmail.com,001-148-679-2508x961,Checking,3484.77,2021-05-29
8e559d23-90e1-43b8-81fd-7daa1d27ca05,Amanda Blair,54,Female,"PSC 6661, Box 1017
APO AP 16604",pswanson@bowen-larson.com,001-370-735-8400,Checking,78892.7,2020-08-01
3f84331b-704d-4b3e-894b-05761c7b9a62,Tammy Wall,26,Male,"246 Hines Parkways
West Stephaniefurt, KS 05722",wandamatthews@wood.org,(882)430-7775,Savings,89677.52,2024-04-05
f04b46db-76e7-41c0-a6ec-96273879eb86,Michelle Fisher,21,Female,"177 Washington Row Suite 346
New Alanhaven, PA 71107",vwilliams@hotmail.com,+1-404-737-9290x752,Savings,15940.3,2024-02-19
5e1c3447-d06e-4267-a746-8734385bce7c,Wesley Myers,80,Male,"769 Woods Way Suite 891
Wilcoxfurt, MN 95945",jasminvillanueva@yahoo.com,9224123071,Checking,86197.45,2024-04-21
30de2df7-926b-40d0-a383-6f50dc263e29,Adam Hardy,76,Female,"081 Jennifer Extension
South Alexisstad, TX 70431",perrymelissa@spencer.org,977.863.0951x93795,Checking,18418.53,2023-01-06
75851707-f5dc-4d7d-93c6-f0fe014da7be,Kimberly Yang,35,Female,"Unit 2697 Box 1567
DPO AP 06951",harrislarry@hotmail.com,001-857-070-5828x73142,Savings,83666.94,2023-09-20
b9d7fe7c-81b3-4078-b442-f6ed8b141d5d,Hannah Vega,63,Male,"42012 Olivia Square
Port Tammymouth, ME 84572",rachel83@gmail.com,001-326-959-2199x8666,Checking,57533.97,2023-12-18
6ec24851-b38a-4691-a1a5-b846701c43a4,Colton Anderson,59,Female,"558 Harris Roads
Emmachester, SC 05382",susan93@duncan.com,(271)678-1814x628,Savings,53455.14,2022-07-21
91421ef2-7de0-4ce7-95b9-a78743406664,Dorothy Fisher,47,Male,"705 Taylor Stream
Hernandezville, MA 96088",tammy22@yu-brown.com,001-153-630-0811,Savings,92544.0,2021-10-28
d6976ab6-1224-45bb-b371-40971039f94a,Jason Mcmillan,87,Male,"4624 Shelia Canyon
Williamsstad, WI 68071",ryan86@campbell.com,574-766-6923,Savings,82272.64,2024-06-24
bd3844f4-ba6f-4057-bfef-2c2f6548c116,Jay Freeman,23,Male,"506 Hartman Skyway Apt. 245
Andrewston, IL 32255",johnsonkelly@owens-morrison.net,986-452-6549,Checking,63266.69,2020-04-21
15d1e3aa-9068-49b4-abf2-ee34965d7a7b,Mr. William Collins,32,Male,"258 Anderson Roads Suite 657
Harperbury, TX 01855",zachary13@williams.com,422.842.0712x943,Checking,41949.57,2023-05-31
f00c2dac-3c2d-444c-b957-d0f6dea57ba9,Donna Ramirez,86,Male,"08069 Jeffrey Fords Suite 169
Port Samanthabury, NC 16711",andreawatts@hotmail.com,195-552-3877x6462,Savings,60056.54,2024-05-28
5d1f2681-4cd1-45c5-becb-43c3c4cbef1d,Mary Roberts,90,Male,"176 James Rue Apt. 870
Christymouth, NM 79938",jenglish@gmail.com,(089)032-8762x37806,Checking,3558.24,2023-02-20
ae67e303-a245-411a-b863-d0aabf86d98d,Joseph Lee,40,Female,"546 Lance Divide Apt. 547
Collierborough, NJ 81855",carmen03@jordan.net,839-554-4110x7146,Checking,2180.62,2021-05-27
c9b4efbe-ae37-4532-99df-76cce4f68bad,William Turner,36,Male,"6610 Barr Stream Apt. 461
West Kaylaborough, MT 99671",johnnywheeler@hotmail.com,(003)510-7986x029,Savings,18292.06,2021-11-30
03b7631f-07db-4202-99a9-d45758616ad4,Dr. Lisa Cannon,21,Male,"391 Matthew Ranch
Marshberg, TX 31225",soliseric@hotmail.com,001-966-833-6539,Savings,30462.19,2022-08-23
187879d4-b580-4549-a87f-a652e577ee74,Christine Harris,77,Male,"66927 Sarah Courts
Jamesstad, NC 25192",chadlawson@romero.org,(148)465-4435x193,Checking,8862.8,2021-12-31
8a7c420d-97fa-4452-82e9-51bad029b0b0,Dr. Nicholas King,81,Female,"001 Byrd Points Apt. 137
North Priscillaberg, MD 64493",butlercarmen@hotmail.com,(582)745-7049x3778,Savings,25213.43,2020-11-05
e90ce0e4-fffc-4bd9-866e-23b54b2556b1,Robert Vasquez,53,Female,"45798 Reid Fall
Lake Williamport, IN 35966",youngvanessa@hotmail.com,1407146391,Savings,2175.33,2021-03-27
b27e20b7-1adb-4021-b4d3-462dae43a74e,Taylor Vasquez,60,Male,"55312 Sara Mountains
Reneeview, NM 23783",alexander61@nelson.com,+1-110-766-7518x6876,Savings,15094.23,2023-10-23
ad6b610b-194e-41a9-9a66-78509352ca7d,Antonio Gay,90,Male,"446 Melissa Landing Apt. 164
Haileyborough, AZ 88686",hayesgeorge@hotmail.com,+1-074-119-8923,Savings,47641.2,2024-04-07
17ffe078-b004-4359-b043-be8334bb3c7f,Carlos Adams,34,Male,"0015 Sims Springs Suite 867
Lake Chad, MI 71500",michaelpage@garrison-higgins.com,(775)287-3569x01483,Savings,65412.19,2020-06-17
e5e3a04e-7288-4020-abaf-d3de10bbc02d,Joshua Herrera,63,Female,"23148 Walker Crossroad Apt. 389
Randallton, NH 56053",hannahyoung@jackson.com,(330)076-1958x123,Savings,74713.04,2022-06-30
6c17d1a8-fda1-4e7e-82ff-70b7dfca7ca3,Corey Miller,18,Female,"8380 Choi Fort Suite 509
Riosland, ID 60826",james34@hotmail.com,281-290-9846x98952,Savings,93853.87,2023-04-01
6fd297b3-eb60-44ec-a563-d7f91a0f61f4,James Palmer,85,Female,"6465 Jones Burg
New Michelletown, OR 36261",janet45@yahoo.com,(777)914-3053x98224,Checking,59310.45,2023-03-24
dd63ed13-b600-43fc-a550-681664376b65,Melissa Thomas,48,Female,"51927 Garcia Ports Suite 778
Lake Christine, OH 72000",adamvega@yahoo.com,3303348033,Checking,80661.69,2021-01-13
2942e143-410c-48db-99cb-b8cb0e2909b2,Scott Booth,60,Male,"48352 Sara Oval
Orrport, IL 62984",campbelleric@ward-cox.com,001-118-926-4639x31779,Checking,69307.81,2023-05-29
9aba16bc-9db6-42b9-a339-0bfb8dfc54a9,Peter Thomas,65,Male,"1647 Nicole Village Suite 995
South Carolyn, UT 88470",ericatorres@thomas-johnson.com,001-719-433-7182x585,Savings,58627.43,2021-07-10
8f215e45-fac8-4c2d-a31c-3c2a5de643b1,Janet Bass,42,Female,"259 Li Station
East Michaelmouth, NJ 13585",thomasscott@howard.com,(463)921-1270,Savings,4729.14,2020-05-14
089300ee-9f68-47e6-8078-29d84dbfb101,Henry Miller,38,Female,"9772 White Glen Suite 913
Huertaview, SD 79664",sgonzalez@gmail.com,848-502-5486x1957,Checking,71525.87,2022-04-23
de291f78-94f0-4fc5-94fc-fd30077d1b86,Shannon Williams,76,Female,"986 Knight Skyway
Josephview, MT 36748",jenniferford@anderson.biz,6224593176,Checking,22151.18,2022-05-24
5a8bb756-812d-46df-9ad4-de2992cc8b91,Ryan Olson,47,Male,"3407 Day Glens Apt. 604
Lake Kariville, NC 20753",manningadam@wright.com,859.173.8717x758,Checking,75127.9,2023-11-24
bd9382f6-4f43-46e7-8bd3-0228fbcd2df8,John Perry,79,Female,"796 Franklin Row
Port Emily, SD 53617",johnsonnatalie@hotmail.com,(810)127-9818,Checking,43735.33,2023-09-27
d3dcd1d4-6a89-4686-9e72-711f305bc8c7,Michelle Choi,80,Female,"368 Palmer Union Suite 850
North Andrewburgh, DE 45014",tgarrett@ward.com,(754)706-2896,Checking,51310.63,2020-01-08
44aab4b2-9424-4ac3-9d29-9e79ed840d9c,Samantha Hess,72,Female,"7204 Murphy Via Apt. 786
Lake Frankburgh, CO 75386",joel35@hotmail.com,+1-785-730-3152,Checking,88555.55,2022-01-08
85ec2fa4-5741-44a1-a9e8-df0701f09172,Audrey Hall,58,Male,"412 Phillip Parkways Apt. 995
South Dana, OH 01874",tbryant@williams-owens.com,078-019-6084,Checking,22736.85,2023-03-09
73480792-7e63-457a-a38d-48362c1901d7,Ashlee Mann,80,Male,"8462 Williams Wells
Stephensbury, NV 80719",htaylor@gmail.com,001-596-221-2198x292,Savings,84430.36,2024-03-19
62e1d81b-a092-4f7f-9f93-bf47770deb63,Robert Bray,83,Female,"529 Sheri Lodge
Port Tonyaborough, DC 49445",emily73@hotmail.com,001-595-568-5617,Savings,59571.96,2023-04-24
11ae33b7-7c73-46fa-b495-93e8ca87cb4b,Heather Hall,25,Female,"2335 Ellis Estates Suite 142
Dawnside, CT 15336",crystal80@richardson.com,4096545335,Checking,38063.87,2020-02-06
342b35cd-b28d-43a1-8f75-af6b526b512d,Dean Robles,72,Male,"56355 Bond Dam
Maddoxland, KS 81920",sfrank@richardson.com,+1-429-102-2606x1645,Savings,73809.5,2021-03-29
c10d2ec0-032b-4b07-8e63-e88f883e6203,Karen Flowers,84,Female,"73803 Alex Light
Laurenfurt, WY 86531",scott93@gmail.com,001-994-085-4730x59380,Savings,540.81,2021-05-30
3962944b-1571-4a36-b26d-d8be397676f8,Shannon Hernandez,31,Female,"74324 Rosales Burgs Suite 964
Amyberg, KY 58622",vjackson@parker-park.com,810.411.3359,Checking,38612.94,2022-06-09
a5929802-c58f-4e70-ab60-67be74ee020f,Savannah Simmons,68,Male,"82734 Roth Road
Lake Grant, OH 68918",adamdavis@harris.com,824.613.9103x810,Checking,90322.67,2020-03-30
1ff24afa-9820-48c4-98ec-c037ff06222b,George Weeks,69,Male,"313 Karen Lights Suite 588
Melissaport, ME 70442",amandamcclure@williams.com,(342)693-3715x2946,Savings,30304.75,2023-07-01
7a0c2c6c-e5a6-48dd-b580-4b5296290715,Kristina Santana,70,Female,"8004 Bailey Harbor Apt. 385
Lake Brianshire, ND 07608",natalie88@jackson.net,001-624-704-1278x58866,Savings,80658.86,2021-11-24
5b656c6f-9ff5-46eb-a150-3b2f7c01eb5e,Brady Sellers,22,Female,"64535 Jennings Forges
West Marcus, MN 65909",erincole@hotmail.com,+1-269-776-7128x3918,Checking,40506.41,2024-06-17
393e72e9-e7ec-4fd4-a449-14a6781841a8,Christine Logan,20,Female,"763 Jerry Mission Apt. 290
Acevedochester, IA 23036",westbill@hill-hall.net,001-455-449-3116x066,Savings,67148.66,2020-09-18
07df98cc-c4b4-45af-813c-f42680aec172,Michael Crawford,27,Female,"0222 Nicholson Track
North Kimberly, AR 30675",martinezedward@golden.biz,787-127-8518,Savings,6108.87,2021-01-12
4aecd371-d93c-470b-897d-c6bba508cbcd,Michelle Watson,90,Male,"1521 Jackson Pines
Lake Kirkburgh, WA 55447",marygomez@ramirez-logan.com,3957083349,Checking,73067.39,2023-04-18
2efe84c8-5e0a-4ac3-80ad-343c8ae7d7e0,Lori Smith,52,Male,"451 Fisher Burg
Guerraport, AK 75532",jason28@yahoo.com,9310743197,Savings,39618.13,2020-01-06
69052004-fd9c-4200-b49b-841f6e5371f1,Janet Cook,72,Female,"60296 Brian Pine
North Kimberly, VT 42593",jose59@gmail.com,864-069-1351,Savings,45584.88,2023-07-14
e45c7313-753d-4e79-a669-9ec8b2e21b3a,Jeremy Melton,81,Male,"47214 Little Curve Apt. 474
South Vanessamouth, GA 63435",laura22@yahoo.com,(728)057-8031,Savings,70855.06,2023-03-22
a70b93f7-b19d-406f-b3ef-70b929635d4f,Shawn Marshall,58,Male,"471 Palmer Station Apt. 748
Campbellberg, ND 10634",mitchellandrew@gmail.com,259-409-5879x9854,Checking,26967.88,2022-06-12
e9f51bfa-ed6f-416c-95b3-ee6eea734793,Sarah Wright,70,Male,"076 Luke Falls Apt. 848
New Sandraton, RI 68610",roberttorres@barrett-doyle.com,295.748.2298,Checking,66474.27,2022-01-24
032aede7-2566-4af9-b97e-b33d706a67de,Brian Johnson,52,Female,"USNV Davis
FPO AA 72933",hwilliams@beltran.com,001-985-356-1875x7339,Savings,93851.62,2022-01-08
470717c7-99c9-4e7a-ae98-744e2335d3dd,James Garcia,40,Female,"737 Valencia Ways
New Johnnyville, NY 45327",stephenhull@young.info,496.834.8854x1696,Savings,10528.56,2024-03-24
73e79649-ad0b-4422-a4e3-641788fd6a8a,Robin Wood,42,Female,"851 Becker Mills Apt. 140
Lake Lisa, LA 61860",browncasey@gmail.com,+1-630-905-2127x0461,Checking,36960.34,2021-12-15
d98d3e6c-6012-4f2c-8ed5-e4cdfa14fffc,Dr. Penny Cooper,67,Female,"9602 Gregory Coves Apt. 270
East Johnbury, MS 00895",fostertara@yahoo.com,747.926.9852x44011,Checking,63418.5,2023-12-17
70dfee3a-2899-4f7b-816f-ae42f2d52299,Corey Price,85,Female,"Unit 5102 Box 1089
DPO AE 38568",grossrobert@yahoo.com,(218)542-8862,Checking,53602.51,2020-10-21
a55df5c6-5d6c-40c2-938c-9e354e2c5d24,Nicholas Erickson,76,Female,"218 Chang Knolls
West Ericfurt, KY 78733",kelly35@esparza-murphy.com,(032)804-8062,Checking,31688.91,2021-09-19
8648f298-a6f1-4a86-8c82-94efe87b4543,Linda Mckee,90,Male,"205 Williams Ports Suite 279
South Kimberly, SD 33908",conradchristopher@gmail.com,4196565794,Savings,47827.59,2023-10-11
d7e4c434-4db3-46c4-b146-2b11cbfeab9a,Deborah Brown,20,Female,"7948 Kemp Park Suite 142
West Ashleystad, KY 70011",biancamiller@hughes-lopez.com,409.689.3094x4601,Savings,22789.72,2020-12-15
db566590-2579-4523-83f8-e60b2464887d,Sarah Thomas,84,Female,"5506 Gregory Way
Robertstad, WI 66043",scottpowers@gmail.com,+1-924-575-5549,Checking,32210.37,2023-01-02
6d8134c2-254d-44a4-8c8d-5ae681929efe,Teresa Obrien,66,Female,"4548 Houston Glens Suite 118
East Christophermouth, NV 55945",williamtorres@frank-martinez.com,726-544-4139,Savings,2017.95,2020-03-14
01e7683c-7e24-4fd9-803f-4d202356798e,Jessica Adams,39,Female,"07409 Bell Dale
Scottfurt, AL 33704",johnschultz@yahoo.com,(042)438-5539x9410,Savings,84690.46,2023-10-01
9683237a-0c3e-4f9d-bef1-8f647c60fb2e,Jennifer Wilson,43,Male,"384 Jason Cliff Suite 214
Johnsonburgh, TN 83773",halljennifer@gmail.com,+1-307-197-9725x6035,Checking,69019.01,2020-10-09
7700f164-7391-4c60-a666-6ec228a1d742,Cole Smith,32,Female,"80094 Nicholas Oval Suite 463
Port Michael, MN 48405",frankmatthew@phillips.biz,828.358.0667,Savings,49508.73,2022-09-29
bfd9110f-1cef-4686-ad6f-2902a82609b8,Patricia Brock,23,Female,"PSC 1920, Box 1154
APO AP 94727",ruizjohn@yahoo.com,055.405.3030x226,Checking,46009.75,2022-10-24
db7bfb24-fd4f-4109-97f3-65117955f36c,Gary Gonzalez,23,Female,"USS Calderon
FPO AE 00948",frank89@hotmail.com,(543)808-7604x73636,Savings,21227.04,2022-12-28
c9fa344b-4f69-4a3e-888b-27c4ac302c16,Ryan Pham,68,Female,"39204 John Loaf Suite 598
Port Kevinfurt, MS 88880",ortegabetty@massey-johnson.com,430.525.1431x5747,Checking,9396.76,2022-04-17
bedbd614-3803-4385-a5c5-e72addc7dcab,William Bell,25,Male,"8764 Brianna Tunnel
Lake Christineshire, SD 92565",johnsonerica@gmail.com,866-722-5576x0889,Savings,53557.89,2022-03-11
974f702b-50ed-4295-8b6a-03fe60e2321c,Jim Lucero,28,Female,"4278 Trujillo Curve Suite 145
Barnesmouth, OR 96257",charlessimmons@swanson-johnson.org,001-631-897-2631x374,Checking,91773.33,2020-12-15
25fe146b-d241-4367-845d-fedcaa8896f5,Jasmin Gonzalez,68,Female,"5770 Bautista Mountain Apt. 467
West Francismouth, IN 71322",parkerjason@smith.com,+1-247-407-1192x9488,Checking,2565.14,2021-08-22
406f58c6-6b26-4703-a836-811fe1cf3cb3,Ryan Becker,48,Male,"57293 Brandt Crest
South Sharonville, AK 96736",lindsaygutierrez@hotmail.com,825.136.1513x1176,Checking,87977.89,2023-03-02
ecbbf0e8-fb58-4e7c-923b-614196fbad8e,Margaret Porter,56,Female,"0999 Wilson Corner
Port Adam, OH 61770",nicholasmiller@watson.org,1158440356,Savings,75117.6,2024-02-20
afb6e902-7cbb-4166-9ed5-fb79780b056c,Abigail Jarvis,60,Female,"524 Jason Isle
Cochranborough, KS 90972",ramseydawn@washington.com,(773)250-4066x11668,Savings,74404.62,2023-12-08
d03b5388-9848-4584-bc20-655544508656,Kevin Moran,47,Male,"77699 Shaw Track Apt. 394
Williamsland, WI 35478",david89@patel-norris.com,+1-603-395-6615x723,Savings,86889.45,2022-01-22
37570c52-ed29-4dda-ac29-5ac5eecfadca,Mason Miles,61,Male,"529 Andres Centers Suite 369
Lauraport, VA 78919",sarah77@hayes-robles.com,361-080-3039,Savings,66536.54,2023-10-12
6e0bba9d-6acd-4641-84a7-9b70bb1f382b,Deborah Carson,42,Male,"387 David Rest Apt. 768
Floreshaven, WA 48508",warnerdorothy@klein-frazier.com,036-454-0738x862,Savings,45837.46,2021-10-31
c445a7b1-30e3-4f9c-b25e-17bbe47ad0a9,Cindy Terry,75,Female,"43737 Joshua Corners
Morenotown, FL 10797",suzanne73@jackson.biz,766-425-1112x055,Savings,26375.7,2023-12-02
d9a4b089-3d70-4ecf-9ac3-f30235f8c26d,Christopher Gonzalez,68,Female,"9655 Hall Port Suite 081
Edwardsfort, CA 42148",warren61@yahoo.com,+1-017-202-6309,Checking,59761.03,2020-01-05
82f42381-4a99-4859-ba2e-045e1ba065ff,Amanda Mccoy,46,Female,"6872 Bailey Stravenue Suite 793
Leahtown, DE 09508",kevin11@pratt.com,001-074-185-4202x52850,Checking,19217.92,2023-09-09
c5800c57-4c06-4d42-9135-5b2534ceb460,Heather Hammond,75,Male,"4006 Rebecca Stravenue Apt. 737
Garyville, AL 75937",timothy76@beck.biz,168.467.0963,Savings,48625.47,2024-01-05
d01067dc-b519-42d9-8234-35893ece4423,Christopher Spears,44,Male,"2818 Miller Plaza
East Michelle, CA 23256",nwilliams@yahoo.com,473.602.5676,Checking,63518.53,2020-02-08
69d2d114-f748-4296-8bf6-323f601f0d4e,Kathleen Weiss,39,Male,"USNV Lowe
FPO AA 85367",charlesellison@white.com,657.626.0420,Savings,83484.01,2021-03-19
eca93e4b-e391-4399-861d-16ad1f945caf,Kayla Morris,70,Male,"894 Suzanne Plain Suite 321
Port Stephanie, GA 74727",mitchelldanielle@williams.com,671.997.8851x60532,Checking,69742.44,2022-03-17
a13372cb-5c75-4764-9d87-6da5f5530049,Kelly Webb,89,Male,"9081 Anna Rest
Lake Richardhaven, CA 99308",matthew38@yahoo.com,6182052772,Checking,28531.52,2024-03-04
65a79e4f-4519-47d4-b990-d3eeeb27a257,Katie Bell,26,Male,"26918 Miller Creek
Fieldsmouth, WY 68638",perrymarissa@yahoo.com,(370)561-9737x0136,Checking,92513.58,2020-09-28
095d77c0-8886-46c7-b9f8-371484fa4de4,Lisa Stephens,24,Male,"736 Jenkins Crossing
Wrightport, DC 33203",jared12@nelson-brown.com,616-707-7624,Checking,78062.72,2024-01-31
c4f9b21f-b9fb-49f0-b962-3f533e0a42c8,Dr. Kimberly Johnson,85,Female,"48765 Ashley Crescent Suite 767
West Jason, SD 70102",juliecoleman@flynn.com,454.404.9373x388,Checking,50774.19,2021-06-04
21fe295e-d9aa-4dde-8d06-f60baadbf4a3,Shane Long,35,Male,"240 Catherine Parkway
Burkeland, SD 83731",blankenshipabigail@horn.com,001-087-839-3114x9977,Checking,99973.61,2021-08-29
b6be22f3-2f63-4ce9-b118-566904f3c24b,Maria Moon,88,Female,"030 Waters Lake Suite 925
Lindaport, ME 41489",peggy23@smith.info,+1-622-831-0471x19599,Checking,414.35,2023-01-10
5b2ea715-b0e9-4dd1-9800-d302f86f28a2,Michael Hernandez,80,Male,"0155 Doyle Ridges
Sierrafort, FL 94951",andersonlinda@yahoo.com,001-147-218-5073x53928,Savings,56777.24,2023-06-28
187debca-58f3-4576-898a-03f71726d821,Mrs. Cheyenne Bennett,67,Male,"01718 Samantha Manor
New Mistyborough, IL 96447",allenmiranda@norris-reed.com,(930)353-7266x444,Checking,81319.45,2020-08-11
4321376b-a319-4858-ade2-30376af81941,Stacie Taylor,76,Female,"3843 William Path Apt. 878
Hawkinsville, WA 23279",pfigueroa@gmail.com,+1-360-468-1641x8235,Savings,81808.31,2022-05-30
b5234946-cf6f-48ff-9880-9bc65c06600d,Christopher Jefferson,43,Female,"46369 Sarah Corners Apt. 658
Timothyfort, UT 13488",yhughes@yahoo.com,001-284-679-2113x1719,Checking,85735.73,2021-10-13
97d47392-9b1c-496c-abb9-b454290894f5,Blake Warner,51,Male,"USS Pearson
FPO AA 87999",veronicaadams@hotmail.com,080.996.4351x85600,Savings,65633.94,2024-06-11
a14cc373-6fc0-4b86-98cd-55c0f0c282c4,John Rodriguez,65,Male,"52154 White Path Apt. 536
Michaelside, MD 65408",linmelinda@stephens.com,+1-416-566-6354x40226,Savings,10131.89,2020-10-14
e3636758-8591-4a70-91cd-0c4da1a4c5d7,Vanessa Kennedy,25,Male,"PSC 1100, Box 6376
APO AE 88258",simpsonjessica@shaffer-willis.com,+1-520-885-8654x662,Savings,40903.18,2020-01-01
72cb64dc-7577-4951-8d3d-09853afd951e,Mary Wolf,68,Female,"8297 Dorsey Points
Lake Shannon, NC 23832",martinezashley@malone.com,(504)059-4433x5596,Savings,93448.45,2021-12-05
12ba17b9-e66c-40bc-9a06-2dc0d3c94f19,Elijah Tate,78,Female,"707 Molly Haven Suite 194
Sharpland, CA 60619",wallacekelly@kelly.net,001-989-064-0557x7766,Checking,86545.84,2020-12-31
71022589-6394-44ac-932b-6288d411a635,Jose Evans,30,Male,"83877 Hamilton Square
Lisatown, KY 90649",kelsey20@cisneros-kelly.com,717-487-2244,Savings,53801.95,2022-03-02
30c4c5bc-f04c-474c-83bb-fc76a769b537,Aaron Bates,61,Female,"USNV Chandler
FPO AP 95244",kristenproctor@gmail.com,001-872-639-7455x215,Checking,63483.38,2022-07-21
ad5d1e61-c34f-4752-a5d1-7737c9be59b3,David Dorsey,82,Male,"77413 Donald Walk
West Oscar, NE 40891",jasonwhite@yahoo.com,902.224.7442x342,Savings,28597.88,2024-06-18
679a1ecb-7358-4212-9603-c27cd989309e,Brandon Hicks,26,Female,"USCGC Taylor
FPO AA 18539",jean96@moore-kim.com,001-761-891-3705,Savings,34162.5,2022-05-18
fd72c56b-fef0-4c89-86fa-6f45133e5114,Tricia Yang,52,Male,"51538 Dawn Harbors Apt. 228
Turnerberg, ND 30712",gailharris@williams.com,001-692-220-3140,Savings,11530.41,2024-07-03
b56492fc-00d0-40c5-a882-5779d51f9eea,Vicki Roach,68,Male,"64220 Elizabeth Point Suite 202
Martinezbury, IA 01739",monroedarin@oconnor.com,750-344-3873x191,Savings,15124.57,2022-11-02
20b7331c-9638-4e36-bfec-3daff6b6e0f4,John Davis,82,Male,"1584 Zachary Gardens Apt. 001
Kevinmouth, NE 14931",alexander92@hotmail.com,0014054893,Checking,14407.19,2023-01-13
da79beb0-ad68-4b9d-b483-1efa9cad3155,Karla Hansen,42,Female,"350 Shane Avenue
Jimenezview, IA 31777",aaron15@yahoo.com,(066)913-9596,Checking,48931.26,2020-03-05
d7e9f458-836a-4f85-8e5c-d8dc8144d90a,Cheryl Reyes,45,Female,"568 Carla Walk Suite 600
New Douglas, CO 70083",cartererika@blanchard.com,885.451.2637,Savings,44386.07,2023-04-28
6f77504e-9848-4151-bc4a-593e774e2f6a,Eileen Price,77,Female,"2151 Robert Underpass
South Timothymouth, MI 49869",clementsmelody@hotmail.com,(900)820-6755x294,Checking,7323.17,2022-12-09
81de10f4-5aac-4cad-8dd1-4c80bbdcc274,Jonathan Miller,62,Female,"291 Katherine Terrace Suite 508
Georgemouth, DE 79741",briggschristopher@hotmail.com,702-434-5962x88543,Savings,55471.08,2021-09-10
8f5573c0-6688-4696-81fb-eb583627e54f,John Lee,42,Female,"617 Kevin Divide
East Linda, CA 11123",michellejohnston@gmail.com,083-967-5922,Checking,570.93,2020-12-25
10eef4b8-90d4-419d-9ba5-7bd1cb6c5d5c,Amy Powell,84,Male,"159 Mccormick Parkway Apt. 587
Petersonborough, MI 27280",brianbarnes@jefferson.com,(072)991-2359x6756,Savings,68378.36,2022-03-01
42d21a34-1f89-4ce9-9e91-2c8ab5086808,Chad Zamora,40,Female,"0433 Maldonado Highway Apt. 163
Richardfort, PA 86972",rachel01@gmail.com,+1-769-534-3464x80194,Checking,7867.24,2021-09-23
8480c05f-4336-4f8a-bcb3-19e2d2352ee6,Jennifer Williams,47,Male,"856 Angela Lights Apt. 869
Medinamouth, NE 30315",dicksoncarolyn@gmail.com,001-397-525-4547x579,Savings,23924.01,2023-12-23
2431e181-ae34-4cdf-90c5-0596c6e3e60c,Kayla Harris,23,Female,"532 Jose Divide Suite 721
North Heidi, RI 44214",rsampson@hotmail.com,151-978-8308x56486,Checking,91474.87,2022-02-19
300e6af1-f8c8-443d-aba8-b055ba7285d3,Claire Brady,24,Male,"62019 Johnny Common Suite 888
Port Sierrafort, NE 43673",adam98@smith-walker.com,001-546-529-1943x119,Savings,13281.68,2023-02-27
a7ce023b-3d09-4915-b4cb-1c1dec805f19,Charlene Nelson,38,Male,"55921 Johnson Place Suite 736
North Alanchester, MA 46602",richardmoore@hotmail.com,+1-148-404-2511x106,Checking,38977.14,2021-08-01
34fcfd12-2aa6-4d10-83e5-3af907ba7310,Christina Smith,60,Female,"78704 Jones Overpass
New Travis, DE 51057",iwilliams@long-smith.com,001-767-095-4202,Savings,70296.65,2021-01-29
27582600-49e0-413c-9801-230b24134602,John Campbell,22,Female,"972 Raymond Islands Apt. 417
New Jeffrey, GA 86363",valexander@hodge-koch.com,+1-404-968-7470x02552,Savings,48060.03,2022-04-27
efe43dd5-a858-4571-8047-26a80f992e84,Elizabeth Harris,45,Male,"39006 Daniel Glens Suite 248
Munozfurt, WV 91825",kbenjamin@hotmail.com,001-297-797-6717x20529,Checking,55312.19,2022-02-23
943ad39b-be35-4a19-85b6-435667796abb,Crystal Martinez,45,Female,"8673 Hill Circles
Sandersview, CO 60616",hickskeith@hotmail.com,(487)919-7241x562,Checking,57936.66,2021-12-27
84bd8847-df4a-40ab-a124-ebdca1e38394,Erin Smith,76,Female,"7832 Gardner Islands
North Jillshire, KY 63778",hinesallison@sparks.com,(042)880-8604x268,Checking,59455.19,2023-01-01
3dcd0571-8fd1-4ccf-9196-9efd391df666,Sharon Nicholson,83,Male,"38458 Kevin Orchard
Wrightton, ND 96984",danielbrian@yahoo.com,+1-253-625-6793x1133,Savings,66664.94,2020-07-10
487328a3-ba44-4434-86f4-144d43debb52,Daniel Fry,87,Male,"6329 Sarah Stravenue Apt. 043
Port Ashleyview, NM 98713",jonathanharrington@thomas.com,+1-112-210-6724x3419,Savings,10770.85,2022-03-13
cabb1029-2fba-47a9-a864-124fdddd229f,Joshua King,34,Male,"235 Smith Stravenue
Lake Daniel, SD 37458",brian27@gmail.com,370-054-3272,Checking,32776.78,2021-02-07
18eaefa7-a734-4b85-9b73-660b35892526,Tammy Harmon,56,Female,"511 Estrada Lodge
Fitzgeraldfort, IA 08713",sandrajenkins@hotmail.com,734-674-8069x100,Checking,51040.21,2024-01-11
699ae9b1-92b2-41a4-99f6-76ee496a80af,Linda Molina,40,Female,"969 Frank Way
New Brittney, CA 64372",jasonsmith@johnson-brown.com,173-032-0311x5752,Savings,62362.75,2020-01-27
ee6b8329-5d41-434c-9c56-22ae910bb888,Dr. Melvin Ellis,61,Female,"PSC 8407, Box 1632
APO AE 39390",carterchristina@lawrence.info,(401)290-3338x456,Savings,25956.05,2022-04-16
ecc6fbb1-5847-4718-a22b-88d02a2eafa4,Nicole Coleman,62,Female,"Unit 8466 Box 1187
DPO AP 88854",juanperez@yahoo.com,001-666-547-8199,Savings,24023.7,2021-04-14
2d3b813b-4029-4665-92d6-ed1cef39d4f3,Kayla Henderson,80,Male,"Unit 0548 Box 0363
DPO AA 03830",daniel08@moore.com,130.277.5948,Checking,85683.51,2020-08-28
637bb328-5dfe-4c07-af53-56b5247c1103,Lauren King,84,Male,"6979 Pierce Way Suite 187
Adamstown, ME 02552",schmidtrhonda@yahoo.com,4988786250,Savings,96794.31,2024-03-23
a0048b45-7d77-447f-8eb4-2c69e6bbae03,Lauren Bradley,27,Male,"4472 Lisa Hill
East Courtney, HI 74397",aprilsmith@gmail.com,317.762.9995x9192,Savings,3014.33,2024-03-01
48f563ee-270d-4ed5-acd0-21ff1f9ca1fc,Ebony Phillips,76,Male,"8506 Kristin Underpass Suite 738
Reyesberg, NY 45965",mitchellmatthew@murphy-welch.info,435-959-5544x8559,Checking,92509.6,2021-10-01
0eb2f984-9e1f-4116-a84f-0154cc811f34,Stephanie Cruz,77,Female,"343 Ashley Skyway Apt. 095
South Matthewside, NC 90883",benjaminrowland@hotmail.com,855-365-3100,Savings,46128.49,2023-06-06
f6d7d461-ded7-42c3-a09c-06cd8b938b7c,Larry Hunt,77,Male,"3068 Vargas Rest
South Jessicaborough, DE 49335",kellymendoza@gmail.com,(135)267-3350,Checking,5986.17,2022-07-22
2e2a78d1-12eb-48cd-a0d5-3848fc4096bb,Kimberly Rogers,37,Female,"585 Greene Drive
Stephaniehaven, VA 95574",jason72@hotmail.com,6304675670,Savings,83384.76,2020-09-10
f500c8a2-d93a-468f-a41e-f3414bc4f4c4,James Snyder,72,Female,"63125 Valdez Plains
Port Jim, ND 20950",andre93@chambers-hernandez.com,437-308-8765,Checking,95745.58,2020-12-15
aced6ec9-7550-4846-8aae-dc30b3a4110d,Rachel Tapia,70,Male,"327 Brittany Cliffs Suite 676
Norrishaven, MT 89356",stephaniemartinez@rodriguez.net,+1-879-932-2987x870,Savings,28936.32,2021-11-09
f2ea29f9-62b7-4760-a431-c97039d6f71f,Angel Saunders,39,Female,"308 Margaret Lakes
Michaelland, SD 03100",yadams@hotmail.com,+1-869-911-9544,Savings,36899.49,2022-05-22
521da968-5dce-427c-9b45-c616fef62a54,Joanna Jimenez,41,Female,"215 Catherine Manor Apt. 557
Wallaceborough, MT 75205",claudia92@johnson.com,068.880.3530,Checking,61485.12,2020-05-15
10355aec-b18b-44b3-a639-a447927215bd,Ariel Johnson,32,Male,"50869 Nicholas Village
New Matthew, DC 26074",palmerjanice@atkinson.com,434.873.9386,Checking,74476.95,2022-03-30
78fe6e4a-b0f6-40ff-8b7c-dd1a803dbeb5,Steven Burke,63,Male,"85483 Marcus Islands
South Tara, KS 54082",abigailpeterson@hall.com,854-907-3335x70448,Savings,97079.58,2023-03-15
e7bd0c5b-0924-43c9-8ecb-a784df8787f2,Anthony Hudson,22,Male,"7766 Alyssa Coves Apt. 703
South Kevinview, MD 06205",amanda56@white.org,001-266-798-3681x2787,Savings,53368.16,2021-09-02
504cd0f0-8bf0-4de1-bad7-380792f25287,Katrina Smith,27,Female,"3343 White Track Apt. 606
Port Claytontown, WI 90837",shanerobbins@robertson.com,+1-077-092-5731,Savings,1569.26,2020-07-07
a444b25f-1421-489e-846b-6699b0047d06,Mr. Matthew Nunez Jr.,65,Female,"344 Lucas Underpass
East Patrickville, NY 78947",veronicawaters@gmail.com,9326306303,Savings,92570.16,2021-07-27
0c8eef58-93e2-4c34-a57e-1bdb735eada6,Dana Pruitt,29,Male,"409 Hinton Unions Suite 615
Clarkland, WV 60222",burnssharon@gmail.com,(326)933-9637x404,Savings,26259.85,2024-02-25
3fd6262e-8ba9-4dbe-9acc-88aa5bc03ac2,Denise Robinson,37,Male,"5068 Michael Dale Apt. 872
Bishopside, CT 01703",toddjoel@bailey-monroe.info,+1-459-573-9207,Checking,22566.32,2023-06-13
51c2f2c8-1553-4b5d-b18d-e4a38d0c61b0,Kevin Jones,18,Female,"7565 Peterson Loop Suite 442
West Brandonview, IL 72620",fcarr@yahoo.com,(421)702-5847,Savings,86305.05,2023-07-02
f1dfe226-2358-4ab9-998a-b0ecb429d7c4,Michael Garza,28,Male,"130 Atkinson Roads Apt. 893
South Johnchester, AZ 26327",charles01@barrera.com,503.207.4577x104,Savings,32863.76,2021-03-13
21080aee-e31d-45f0-80c2-6f65a0360dcb,Randall Rhodes,36,Male,"PSC 2725, Box 2647
APO AA 66665",brownanthony@gmail.com,(399)241-2478x55619,Checking,11137.86,2022-04-05
425a4922-d217-4b7a-bb0f-3db84e467542,Jorge Hernandez,75,Male,"90082 Taylor Grove
South David, CT 31915",kristi42@yahoo.com,958-234-4575,Checking,98619.29,2023-02-26
0dcd3fbc-d61f-410b-a119-34743dd758c7,Charles Golden,29,Female,"0487 Sydney Canyon
Sarahburgh, DE 77322",eray@bennett-snow.org,001-957-538-6308x9703,Checking,84185.9,2021-11-27
ec1bb457-940e-4bd7-9b11-ad869a133712,Thomas Clark,27,Female,"303 Donald Hill Suite 433
Garrisonberg, WI 59894",martinjessica@hotmail.com,001-200-835-1025x47640,Savings,53182.19,2023-12-30
cc6f3b04-9089-4c30-b1e1-74acab04e955,Karla Blackwell,19,Female,"5755 Angela Cliffs
Port Brandon, WV 91816",erikalogan@shelton-burke.com,954.575.3263x1693,Savings,43211.21,2024-06-22
76f9f099-3a77-440e-a970-c486618e0572,Maria Jones,39,Male,"90713 Brown Village Suite 439
Mcdonaldmouth, IA 51732",cyates@hotmail.com,070.661.7380,Savings,3116.66,2020-09-19
fb5b801b-fa25-40ba-ae2e-3d9990f8d0f8,Richard Jackson,25,Female,"35432 Watson Plains
New Meghan, RI 78700",rhernandez@yahoo.com,(951)376-4219x4522,Savings,12129.54,2022-12-10
9567206d-17ab-488a-b9a1-f156ac0b3b72,Stephen Tate,54,Female,"37141 Lowe Glens
South Jason, IL 34055",mark33@baker-allen.com,418-277-0147x41430,Checking,25250.21,2023-07-22
178e31c0-cb13-4ba9-8836-4ebe8041f619,Barbara Carr,66,Male,"USNV Pitts
FPO AA 32815",groach@smith.com,+1-112-770-3371x38932,Savings,41487.48,2020-06-06
e135457d-a74b-451e-9f7e-ed928cd33eb0,Thomas Fitzgerald,86,Male,"687 Martinez Ways
Herreraberg, SC 42179",markjensen@gmail.com,(450)235-7512x6322,Checking,76210.96,2020-04-01
77ddfa74-fdd9-401f-bf24-ec07b6bdeaed,Miguel Knight,40,Female,"36674 Lee Forges Suite 321
North Lisaberg, WA 33573",juliagarcia@gmail.com,566.838.5810x4025,Checking,95674.24,2021-08-12
6e9aa651-0834-4cc3-aeeb-6976e4c65354,Suzanne Robinson,79,Female,"70222 Jeremy Route Apt. 454
Richardville, NE 92158",williamskeith@neal.biz,(075)254-3729x9224,Savings,74254.49,2020-03-15
7106bbf3-8aa0-4d95-a1f2-11cb375699b8,Shawna Watts,39,Male,"89186 Carroll Heights
Port Carolmouth, KS 58640",erik97@yahoo.com,348-826-3607,Checking,35525.31,2021-05-22
273a6292-fb3a-4eb6-b84e-c1b272815558,Raymond Cruz,51,Male,"224 Mejia Underpass
New Cassandrafurt, LA 84281",sarah13@allison.com,(316)480-1875x1476,Checking,9503.86,2022-12-06
cfd6c911-aa8b-4bd1-8b7b-293620c1d700,Timothy Black,75,Female,"PSC 1752, Box 1812
APO AA 96885",wuashley@hotmail.com,001-348-819-7661x46906,Checking,28576.97,2022-10-02
f6997c56-8e4c-44de-9f9a-2aa7862da8a4,Diane Collins,65,Male,"PSC 8878, Box 0819
APO AA 98710",csavage@yahoo.com,390.799.8743x6382,Checking,49887.88,2021-08-31
a5c5d66c-a518-43c2-ae2d-00ab9a33bf31,Leslie Adams,56,Female,"46307 Joseph Track
East Richardside, CA 25741",byrdbrian@hotmail.com,(720)664-6189x30484,Checking,95427.86,2023-04-11
395584a5-203f-44a6-865f-c1e027ad192e,Kevin Richard Jr.,77,Male,"48546 Taylor Trail
Jessicaville, AK 02773",lopezandrea@hotmail.com,001-137-176-7337x287,Checking,40583.64,2022-10-13
308b1eed-313f-49de-8cd0-6005f89bd390,Nicole Miller,39,Male,"USNS Bridges
FPO AE 04788",leslievaldez@garza.com,(807)989-2359,Savings,26552.97,2021-09-28
35841204-26fd-465c-a497-035bf52101a4,Cynthia Norris MD,38,Female,"7502 John Forges
Derekshire, OR 41292",kelsey87@hotmail.com,+1-409-457-7701x3816,Checking,35347.55,2020-05-28
8026b9b6-9c7a-45ae-b6f9-6a4f1bf734c4,Wesley Valdez,60,Female,"3907 Richard Road Apt. 143
Ashleybury, MN 15705",kelly68@figueroa.com,+1-155-170-0993,Checking,38816.03,2024-05-15
833cccef-c249-4bc1-89dc-896485a03589,Shelby Murphy,68,Male,"793 Joseph Square
Lake Mallory, DE 98933",tiffany81@hotmail.com,697.818.5547x11174,Savings,13247.36,2020-05-30
87fc348c-bc6b-435e-8870-8c98653e2d21,Dylan Lee,44,Female,"170 Bentley Road
Hornestad, KS 38201",csmith@hotmail.com,426.902.6135x905,Checking,73921.43,2024-01-17
4fe15167-3844-4939-b6f8-316b4ec964d3,Lauren Bowers,73,Female,"4928 Sandra Trail
Donovanshire, NE 23994",zlang@vazquez.com,460-467-0921,Checking,32673.53,2020-02-18
908929c8-2b73-4f00-8216-4510d4bb0884,Natalie Williams,42,Male,"600 Tonya Plains Suite 272
New Clinton, NJ 17270",wparks@clarke.com,436-788-6739,Savings,27216.16,2023-12-12
664d6f34-5558-415a-9eed-b77f1d6c327f,Thomas Barnes,40,Male,"768 Victoria Circle Suite 879
Lake Cherylside, OR 07564",dylan10@wallace-martinez.com,001-103-351-5062x2882,Checking,59915.3,2020-02-26
abb31006-a9e9-43e6-9a43-db31507321d7,Joshua Woods,58,Male,"825 Collin Cliff Suite 290
Andrewshire, NH 16039",rebeccaclayton@cooper.com,+1-345-771-7332,Checking,45098.93,2021-10-08
db85c125-aefa-4c89-9a56-5f3303379fae,Ryan Smith,20,Female,"162 John Mission
New Jason, WA 58159",john63@hotmail.com,369-711-9962x3741,Savings,62251.24,2020-02-12
25beb9b1-1b35-4907-b6b8-dd317ec610c7,Thomas Miller,35,Female,"5896 Reed Stravenue
West Lisashire, MN 54215",wpowell@price-nguyen.biz,(010)619-2758,Savings,89671.83,2021-08-02
9f9e7ef2-5038-4fcc-b7d5-b09684071d84,Martha Harris,44,Male,"3970 Christy Road
East Anthonyborough, NY 82062",davidsonlynn@white-johnson.com,001-669-451-2924x2325,Savings,81811.52,2021-07-03
3853f9e4-6709-4b6c-b059-f45ad1f11b8c,Colleen Soto,66,Male,"725 Martinez Inlet
Shawnfort, MA 35617",yolanda26@yahoo.com,222-621-0619x968,Checking,46763.11,2022-06-21
ac467092-49ab-4cd5-87d4-6b1c069fd74b,Julia Smith,25,Female,"Unit 4832 Box 9307
DPO AP 98365",amandafarrell@brewer.com,697.077.8865x691,Savings,4665.49,2023-03-09
01da3256-cd2a-4d44-a663-3f7ce17a099b,Mrs. Michele Frazier PhD,36,Male,"3341 Nancy Field
New Scott, WA 00687",lthornton@gmail.com,(938)038-4119x731,Savings,58697.9,2023-04-24
2f545197-4fde-40a5-ab82-116e3ed44454,Jessica Lloyd,75,Male,"0548 Theresa Courts
Bradleyside, OH 09522",burchsarah@hotmail.com,420-356-7903,Checking,52631.05,2022-03-04
f734cd22-0ab4-45d6-bebc-5af08426c1b0,John Perry,28,Female,"82192 Simmons Estates Apt. 151
West Trevorstad, WY 25825",blakeconway@yahoo.com,019-958-4373x94032,Savings,75065.12,2024-07-01
1f22bdf6-1601-45ca-8b0f-cfe34fd4b6c0,Jack Ayala,65,Female,"0228 Welch Turnpike Suite 030
New Lesliestad, WV 85586",debra84@powell-cooper.com,+1-509-320-7039x0298,Checking,8898.06,2021-10-16
66871fd9-8989-4a51-ab63-d8d248d93e6b,Rachel Cain,23,Female,"941 Ross Ports
Banksburgh, MN 39386",atkinsonjoe@yahoo.com,(676)983-5270,Savings,35598.78,2024-01-11
9a521de9-482c-4a37-8965-c36dbe8a6b65,Ashley Johnson,77,Female,"920 Grant Trafficway
Victorialand, CO 43440",ann68@moody.com,+1-251-745-0902x0678,Savings,29034.27,2020-04-10
c654a006-67fd-4858-9d0e-7e600805b1a8,Jonathan Anderson,67,Female,"15988 Martinez Wells Suite 224
Johnsonfort, ND 56630",zhoffman@davis-white.com,+1-825-611-3517,Checking,48643.15,2023-03-05
169a7ff3-4152-4095-982f-f24ce95685c8,Sabrina Jones,25,Male,"52954 Simpson Inlet Suite 432
Grantchester, CO 31041",wilsonscott@guerrero.com,036.314.5809,Checking,67800.77,2022-09-16
7d3c773a-4364-43a5-b0b9-a7c095013875,Alexandra Maldonado,82,Male,"1470 Aimee Dale
New Crystal, SD 09920",paul44@hotmail.com,354.452.1597x6067,Checking,29453.99,2021-06-18
0582aee1-ca1c-450f-9c4b-193bf8b4b040,Frank Willis,45,Male,"0172 Samantha Key
Stacyshire, NC 47102",victoriaburnett@yahoo.com,562-213-6381x814,Savings,16779.41,2024-06-21
fcc912ec-af60-4fd4-99fd-c92d4c083c30,Amanda Scott,42,Male,"811 Carey Mills Apt. 967
Joshuaville, MD 24518",crystalross@gmail.com,(244)940-1777x96989,Checking,43695.04,2022-06-16
ee9be7c1-2edf-434b-b3b6-e0a0f10b1f50,Michael Cox,67,Female,"Unit 9303 Box 1495
DPO AP 73296",evelynmurphy@gmail.com,0890724265,Checking,73171.93,2024-03-19
e52a25a8-0069-4d12-8491-b3ad116cc08f,Mr. Robert Vang,31,Female,"3285 Melissa Road
Wilkinschester, RI 05292",meganpitts@munoz.net,(429)275-0498,Savings,35772.75,2022-07-15
3ddec30f-e696-469f-aae9-f647d0ef9fa2,Victoria Jackson,22,Female,"63687 Phillips Overpass Suite 360
Daltonville, AZ 17583",delgadocynthia@lee.com,+1-053-811-6986x76543,Savings,69143.67,2023-11-05
30065b72-c13a-498d-865d-716f502e3f25,Elizabeth Swanson,54,Male,"3679 Hannah Summit Suite 656
New Thomas, NC 12263",jerry43@yahoo.com,775-870-2438x959,Checking,77830.83,2023-03-06
140b4256-2035-44d1-83ef-a6bdada6949d,Jason Cannon,35,Male,"2693 Wall Turnpike Apt. 349
Michaelview, KY 20489",sstephens@lawrence.com,642.874.6163,Savings,40656.65,2022-08-23
964c2fa6-7e1f-4665-b390-1a53d2e13e3e,Christian Hall,72,Female,"72397 Mcconnell Prairie
Henryshire, MI 53478",travis26@yahoo.com,667-576-6939x692,Savings,46341.4,2023-05-10
b0fa7382-5391-4426-8d2f-371aabe8c2a6,Matthew Marquez,42,Female,"8546 Gordon Cape
Nicholasburgh, MO 75504",rayanita@cole.biz,803.824.9040x079,Checking,73226.96,2022-07-27
889d124b-6af7-4a9b-892c-0b89a93fcb04,Lori Smith MD,52,Male,"35013 Reed Union
Christophershire, IN 89041",teresajones@kaiser.info,+1-656-842-5678,Checking,43965.11,2023-12-10
ba60ae3a-c630-42bc-ac77-eed733532cf5,Nicholas Barber,61,Female,"591 Combs Dam
Pricetown, MA 85888",rodney27@reynolds-garcia.com,+1-111-688-5923x6270,Savings,84990.01,2022-10-29
ae8bea54-6cca-4568-959c-bf79e442f9ae,Aaron Crawford,88,Male,"28611 Edward Ramp Suite 532
East Hollyhaven, HI 69861",jonesmichael@yahoo.com,691.055.5832x51633,Checking,4625.91,2021-12-09
ba178c5b-d7b0-49f2-846d-887538c9d7c4,Lauren Cross,31,Female,"50039 Wilson Green
Jacobstad, CO 39987",tmcdowell@gmail.com,+1-950-378-4312x118,Savings,27738.11,2024-05-18
c7312a04-a8c9-4cdb-8916-63f12b58de4d,Jason Schneider,28,Female,"915 Avila Hollow
Lake Elizabeth, VA 68158",mayerwilliam@hayden.org,+1-890-159-4911x71848,Checking,82591.5,2022-07-08
03a88165-e353-420e-83c6-b18b2f7673c1,Morgan Arroyo,21,Female,"1592 Zachary Station
North Sarabury, KS 21668",yrodriguez@baker.com,(675)631-2197x90621,Checking,49256.12,2022-08-05
1442ee9d-45ea-4b29-a2b3-e6d8e445ddff,Andrew Flynn,70,Female,"878 Hammond Inlet Suite 127
Wandaview, DC 45534",harveysamantha@gmail.com,663.314.4155,Checking,2915.39,2023-05-27
ef235715-bb3a-4c38-824e-eee995eff48f,Eric Frost,57,Female,"0042 Anderson Terrace Suite 661
Sydneyhaven, ID 79092",sarahbennett@donaldson.com,001-562-065-5429x877,Checking,39326.82,2020-03-03
ced6fdac-615e-45a9-8ac8-a8df58bb4d1d,Tyler Lindsey,34,Male,"USS Montes
FPO AE 35887",gonzalezjeffery@yahoo.com,001-957-649-9554x32809,Savings,84339.79,2023-06-15
c5285c1d-70f3-4f25-bb24-b395c3443ad2,Daniel Miller,47,Male,"77876 Zimmerman Pine
North Jasonborough, WY 05741",haynesanna@davis.org,678.710.0798x35125,Checking,41738.57,2021-12-09
394d64dd-ce59-4e44-96f8-ef6e8477e5ab,Mark Waters,25,Female,"971 Karen Alley
Turnerhaven, RI 68679",james24@gmail.com,026-917-3215x55495,Savings,5653.25,2021-07-02
1a3fd22b-0b95-46eb-9f31-3d2733cc6e39,Victor Miller,20,Male,"71028 Traci Drives
Dawsonville, TX 81602",youngmadison@hotmail.com,(916)225-5460,Savings,86109.15,2023-06-12
7c916df4-996c-4ebb-bbc6-67f6bcb99b01,Lisa Aguilar,64,Male,"2505 John Dam
Taylorland, WY 34596",bennettgabriel@henry.info,(051)317-1142x7835,Checking,57127.49,2021-02-06
f0f9d790-8b9d-446c-bfc3-db6445b0217b,David Simmons,51,Female,"518 Walker Brooks Apt. 954
Port Dwayne, AZ 09085",johnsilva@gmail.com,557.355.5538x7214,Savings,8603.58,2020-03-15
e864f3b7-51d7-4b49-bbbe-214a2e388c5b,Elizabeth Rogers,79,Male,"8753 Brown Gardens Suite 724
Dianeton, NJ 26858",simmonsdonna@hotmail.com,289.992.3998x640,Savings,48244.81,2020-07-10
e908c77d-0f45-4bbe-9db8-9e5739b678f9,Thomas Barber,77,Male,"17133 Matthews Inlet
Gonzalezshire, WA 96434",sbradley@anderson.info,+1-289-035-5159x4043,Savings,1724.12,2021-06-16
a53922f7-4649-404d-829d-0bf6ccca4f96,Mark Daniels,80,Female,"14213 Tracy Cliff Suite 429
Milesport, WI 44113",james34@barber-cochran.org,695.587.2718x6350,Savings,11058.51,2022-06-10
b8d93f9e-b1f7-431c-85ed-b82534525da9,Ricky Moses,43,Male,"928 Brittany Fort
Fordborough, WV 22175",adam35@gardner.info,731.682.9671x49698,Savings,44831.07,2020-06-27
4239c88e-e720-4b6e-b8d5-cbc0be0945a5,Mr. Victor Oliver,36,Male,"5631 Moore Centers Apt. 252
Carolville, LA 09915",xharris@gmail.com,+1-497-383-2561x462,Checking,74826.83,2022-11-21
ba53cdbe-cfe9-4463-aca6-683cfe26f169,Nicholas Anderson,39,Male,"8365 Whitehead Gardens
Lindaville, DE 38989",sarahpennington@gmail.com,+1-861-938-6510x530,Checking,37444.46,2020-10-19
327cb0d3-4d10-4abc-adf3-b9cd8e221045,Lori Cooper,37,Female,"0639 Sharon Prairie
Davisburgh, PA 60649",marissa99@hotmail.com,996-093-6434x043,Savings,71926.88,2020-02-21
2b9ade51-3f55-4a63-bfc5-f289d08c40a6,Maria Wolf,62,Male,"3010 Alexander Dam Apt. 483
East Scottburgh, OK 56419",johnodom@turner.com,066-587-0551x774,Checking,17925.41,2023-01-18
b520fb60-e953-4898-9629-4210bfb9afc3,Jerry Keller,76,Female,"23747 White Course Suite 399
Ashleymouth, OH 95844",scottkaren@gmail.com,(882)753-0036,Savings,21789.46,2023-04-15
92f17374-cc21-4321-9e49-debb2efa74e1,Janet Edwards,62,Male,"47482 Jones Ranch Apt. 814
Kellychester, UT 45787",rogersjenna@smith-allen.org,(702)432-0836,Checking,74428.58,2021-11-02
9b219f5a-cb3d-4665-8e37-2f9f4c7cfd52,Stephanie Miller,62,Male,"USNV Jackson
FPO AA 31784",hunterhall@gmail.com,+1-581-599-2135x7723,Savings,76727.36,2023-07-03
9adb0648-eebb-4879-ba32-39d6c1cb6de7,Vanessa Walker,70,Female,"3923 Anderson Fords
Wilsonstad, KS 10008",moorevalerie@wilson-lucas.com,851-835-5216x775,Checking,11793.88,2020-03-26
8dcc7aa1-868f-483a-9cc2-ca0445348fe8,Daniel Humphrey,80,Female,"3357 Pena Field
Adamtown, WA 04719",michelle46@andrews-martin.com,001-246-422-7282,Savings,68641.73,2024-03-01
baff883e-2456-4b20-b7b8-142c058df9b7,Stephanie Obrien,75,Female,"121 Ralph Plain Suite 206
Wileyhaven, UT 24470",greensarah@bonilla-yoder.com,954.935.3705,Savings,61407.74,2021-09-02
79e5e20f-feb4-42a3-9038-31384db65c3e,Kelsey Campbell,18,Female,"15887 Robert Terrace Apt. 639
Patricialand, TN 12852",claudia63@jimenez-kidd.com,(480)020-4591,Checking,22435.12,2022-10-17
a6905fbb-de6a-468a-8ebf-cf3e0c947686,James Stout,58,Female,"8918 Bennett Island Suite 201
Lake Jamesville, VA 72288",monica34@cole-evans.com,001-499-312-3340x856,Checking,95609.72,2020-01-23
f264cf5b-96eb-4f92-a23c-cdcafa0e3079,Joshua Smith,49,Female,"24339 Jerry Via
Lake Samanthaport, TN 62597",tstephens@casey.com,5509685228,Savings,18452.12,2021-04-18
b2b7eef5-ecea-41da-9d3a-4ed9240164fb,Sara James,25,Female,"6964 Mallory Cliffs Apt. 567
Lynchfurt, MO 51712",zwatson@smith.com,(176)900-8427x267,Savings,5525.32,2020-03-18
edda6982-6290-4a49-8b47-8cdced886281,Mark Warren,22,Male,"036 Dunn Point Suite 991
Phillipsside, NC 95404",charles24@yahoo.com,(662)930-0608x64918,Checking,91183.87,2022-08-11
4ed5b5cd-cbdc-481b-a06e-3e3799ae02a6,James Lee,72,Female,"501 Valencia Keys Suite 828
South Raymondside, IN 08284",morganthompson@hotmail.com,681-467-0674x9766,Savings,99343.31,2020-05-07
7fc3c686-38bf-4abb-9e1a-106374fa200e,Sarah Davis,52,Male,"3726 Amy Lake
Bennettmouth, AR 58036",swilson@gallegos.org,001-849-815-5230x446,Savings,24775.81,2020-03-30
0d0dbec4-28eb-44dd-977e-7355c5157783,Matthew Harris,53,Female,"1614 Black Spring
Christopherville, SC 54437",zrosales@mason.com,551.060.0878x0022,Checking,91172.84,2020-01-15
c7ffe32f-1476-45df-97a4-2bdd6ef27bbc,Sharon Brown,80,Male,"8451 Justin Shores Suite 531
Vegastad, VT 67328",khale@hotmail.com,001-863-047-6229x6282,Checking,65058.68,2023-12-12
93c1669d-31c4-48da-8df0-7633bb46c460,Elaine Davis,19,Male,"78474 Mason Burg
Adrianberg, WV 05095",moranclinton@hotmail.com,115.588.6949x273,Checking,28496.65,2023-01-15
47720fb4-17f5-46db-8bcf-f30a07cf0898,Thomas Clark,85,Male,"4233 Elliott Drive
Lake Frances, HI 06250",cmontgomery@gmail.com,(608)496-8851x00347,Savings,51479.32,2023-01-12
30d3efb9-9e89-4832-8985-6acd4e60059d,Claudia Coleman,66,Male,"6715 Gonzalez Ville
North Maryhaven, MD 83989",luceroaaron@gmail.com,001-378-716-7984x88893,Checking,8854.92,2022-05-30
bc8fe11d-4f8f-4618-9e21-6c242ccccba8,Monica Downs,72,Female,"0076 Palmer Falls
Patricktown, TN 18148",ericparks@yahoo.com,417-748-0245x4361,Checking,81553.85,2022-04-04
af98671c-1ec1-4e95-aea2-58af3cd4ce08,Jill Goodwin,26,Female,"56971 Michelle Cape
Ericville, MO 82592",ryan05@yahoo.com,827.663.7487,Checking,29424.81,2020-11-10
e0d5c3cc-8a10-42a9-984e-3cd9b585fe04,Allen Diaz,51,Female,"90639 Matthew Trail Suite 459
South Charlesport, DC 73087",mcdonaldcarolyn@hotmail.com,+1-290-388-3047x919,Checking,57310.44,2024-01-10
a5caced9-a7c3-45ca-a4a4-6fa0e7dd97c8,Ms. Lisa Berry,72,Male,"06749 Thomas Ville Apt. 482
Devonside, WV 58277",robert68@gmail.com,9563660260,Checking,66253.6,2020-03-21
e05894bc-c816-40a8-a930-d837c4049070,Teresa Bell,38,Female,"52449 Shea Rue
Mandytown, TN 08286",dbonilla@brown.com,+1-943-370-8104x34624,Checking,91888.78,2023-12-08
87ca0214-2f3b-428d-a28f-f9de4f7d48d9,Tracey Norton,29,Female,"3745 Burke Summit Apt. 528
Kathyview, LA 35205",nicole40@yahoo.com,215.155.8695,Checking,24202.38,2024-01-13
13054ba1-dad5-4b07-ac77-8c0412e8d42a,Rebecca Guerrero,73,Male,"Unit 8209 Box 4600
DPO AP 13618",meadowscarl@yahoo.com,8670579624,Savings,7968.4,2022-10-13
1aad9e32-18e9-4669-8ac7-14b16cc9a2dd,Ernest Adams,43,Female,"052 Dominguez Corner
South Sophia, CO 23170",evelyndavis@gmail.com,(446)738-9228,Checking,3195.99,2024-06-10
a8868c65-3dab-4341-af32-80280223432b,James Smith,29,Female,"0011 David Stream
West Eric, MN 46770",michelle40@thomas-hancock.org,028-069-8966x259,Checking,69551.31,2020-03-04
259150f0-a739-4f01-930e-a849834046ac,Victoria Woods,66,Female,"9101 Lewis Brook
East Williammouth, VA 70964",dustinturner@cole.com,+1-953-745-2314x766,Savings,69498.36,2022-02-26
ae387888-29db-4596-b3cb-709ce0a5cb17,Ryan Foster,28,Female,"745 Jenna Mission
Fowlerport, OK 29171",briancarlson@hotmail.com,887-463-6156,Savings,26322.5,2022-10-10
918638cb-2789-47f3-8412-1e500d134210,John Arnold,61,Female,"3627 Jamie Oval
Mejialand, AZ 69394",mjohnson@case-gray.com,001-143-413-1589x401,Checking,80913.95,2021-03-06
2db33b1d-054a-40ba-adb4-f4a58b6ce656,Monica Garner,21,Male,"499 White Crescent Apt. 764
Nobleside, WV 12273",mendozakimberly@hotmail.com,016-321-2965,Savings,40841.19,2024-06-10
12d23ed0-4c82-4eda-8052-f41477fccc98,Daniel Bradford,21,Male,"88801 Diane Run Suite 517
New Stephanie, UT 46526",cstanley@yahoo.com,851.893.2050,Savings,54176.83,2022-09-04
4977fdee-efbd-490c-a280-da335a0b0521,James Schneider,54,Male,"9517 Hines Mountain
Graytown, AL 42408",tiffany55@yahoo.com,001-908-524-9278,Checking,96055.02,2023-10-12
59438e9d-c75b-42e1-83e5-b101920967d5,Christina Tucker,44,Male,"0594 Goodwin Rapids
Marisaberg, WY 00942",steven43@gmail.com,+1-175-634-6114,Checking,701.69,2020-02-19
74882b5f-804e-4642-a949-44f49e6aa06a,Jennifer Branch,29,Female,"79493 Golden Ville Apt. 702
New Haleyfurt, NJ 16484",eanderson@yahoo.com,(270)934-9905x480,Checking,16049.03,2020-11-14
76237d47-61ec-4d91-9319-d9c64a77f113,Travis Sims,52,Female,"486 Aaron Track
West Brandon, MI 63875",colinsalazar@bautista.com,001-514-062-0376x94753,Checking,93321.67,2023-01-07
6d2cb0c2-6b1c-4837-b6a0-e8514f42bcb2,Lawrence Gutierrez,31,Male,"PSC 6338, Box 8535
APO AE 56434",srodriguez@yahoo.com,0039741146,Savings,83775.82,2021-07-22
