07f4308a-489d-432b-b95a-2d520173636a,Donald Carr,32,Male,"USNS Harris
FPO AP 49989",thompsonlinda@yahoo.com,(410)947-6505,Savings,91666.17,2020-01-16
19148b7d-1388-497a-bb9d-509764a4fcde,Matthew Larsen,73,Female,"125 Robert Ways Suite 051
Castilloport, DC 34598",malonekevin@yahoo.com,+1-767-935-0250x74038,Checking,87792.48,2020-07-29
f626ccd4-913d-4681-9550-e894b97ab414,Jeffrey Jordan,88,Female,"7505 Johnson Lane Suite 612
Elizabethfort, AK 45839",abigail65@burns.com,+1-914-280-8366x3285,Checking,55470.46,2024-03-19
68ba15e1-2de2-4305-83a9-367410d9021e,Charles Wilson,59,Male,"4684 Jeff Track
Lauramouth, NE 67485",markmcdonald@edwards.com,621.990.8111x5048,Checking,65350.09,2023-12-03
c98cd723-0083-4089-933c-b2fd1e68a03f,Ruth Smith,28,Female,"36572 Cynthia Flat Apt. 227
Thompsonton, DE 15602",mporter@white-rhodes.com,001-871-474-2034x9015,Savings,30177.38,2022-05-10
aa7f8dc8-8966-4600-b8c2-8201c6e35cce,Joshua Johns,58,Male,"52857 Watson Trace Apt. 393
East Nicole, CT 06579",kbush@noble.biz,027.174.7744x073,Savings,28617.55,2021-09-07
fdfb9f7e-18f6-49f5-b20d-41270228fac5,Nathan Shaffer,85,Female,"630 Craig Place
Elizabethtown, NM 36277",cfreeman@key.info,(799)024-0572x23999,Checking,28016.99,2020-10-23
1fcb4471-89a9-4086-9886-edf403abae99,Deborah White,37,Female,"3484 Jackson Bypass Suite 188
Susanview, MO 80848",xdavis@george.biz,4535313068,Savings,42774.04,2020-02-28
e60d8543-17d4-4d79-a777-0fba7924ce3e,William King,81,Male,"304 Kelly Glens
West Emilyborough, NY 91360",colemankimberly@fisher.net,+1-033-630-8864x064,Savings,78280.92,2023-05-20
c8e577d3-fb67-4364-956f-202330b6bc74,Mark Brown,61,Female,"83149 Samantha Junction Suite 597
New Emily, AL 48598",amanda12@mitchell.info,590-094-0827x8860,Checking,68643.49,2020-01-13
936cce70-f0d5-4e6e-b331-758d5a016c69,Alexis Knight,76,Female,"861 Aaron Road Suite 555
Port Becky, HI 71157",samantha31@scott-west.org,001-099-418-7407x16931,Checking,22448.31,2021-03-07
89a13e1c-61d3-46eb-a412-a13b44a47c0a,Andrew Duarte,46,Male,"Unit 5530 Box 5232
DPO AE 12357",richard36@russell.com,858-286-1802x86565,Checking,8686.64,2021-03-05
6aea7c08-687e-4ade-b2e2-7cc3be93405f,Mrs. Lisa May MD,31,Female,"346 Christine Parkway
New Jonathan, PA 18612",ihall@gmail.com,646.739.0700,Savings,40917.82,2022-10-07
9f813a18-17d0-45f5-a006-374ac35f7232,Daniel Ruiz,75,Male,"USS Griffin
FPO AA 89814",kgriffith@gmail.com,1920852433,Savings,7663.29,2024-07-02
9b1654dd-456d-4d82-89c9-70508253ea6a,Phillip Smith,70,Male,"416 Gabriella Lodge
Lake Iantown, PA 85175",steven81@hughes.net,(851)482-1567x74895,Savings,72540.91,2020-05-09
fac34689-b6cd-44f2-a48b-0026792a453b,Kevin Smith,77,Female,"09699 Castillo Ports Apt. 789
Port Christopher, NJ 83582",samantha45@gmail.com,2581542601,Savings,12861.98,2023-11-25
bae781c3-8d5f-4291-92bd-d6627f16d0eb,Amanda Brewer,21,Female,"932 Pamela Branch Apt. 760
New Daniel, SC 16500",stevenrodriguez@gmail.com,001-130-163-3133x413,Savings,96641.94,2020-05-19
deddaec7-98ce-4b96-9f61-cea8025b8f67,Craig Nelson,42,Female,"081 Barber Keys
Port Leah, MI 65729",terribarry@hotmail.com,(163)789-7348x894,Savings,46656.18,2022-07-18
6b904668-c58d-444c-80ee-9ba34c65ce5f,Brittany Cisneros,44,Female,"3289 Kathleen Valley
East Michelle, CT 49846",pooleedwin@hotmail.com,+1-785-536-1050x9729,Checking,90823.14,2022-01-29
4866d96c-0fd1-4fa4-be61-3df0d372b109,Bryan Hamilton,39,Male,"USCGC Norman
FPO AP 25912",gary45@gmail.com,+1-612-812-5685x1049,Savings,50505.04,2024-05-21
518de45a-c1b1-4ab4-b4ed-bc2596134a3d,Mr. Kenneth Peterson,21,Male,"97224 Jacqueline Station
South Amber, IN 29483",villegasjohn@yahoo.com,753-034-5704,Savings,71308.31,2020-01-12
5c6606b9-d988-4cce-b197-8423f6cbd61d,Cory Todd,78,Male,"595 Michelle Row Suite 622
North Marthaberg, OH 81014",thomas23@sullivan.com,565.734.5145,Checking,34421.28,2022-02-10
1ee25c9c-6ab5-4b63-9765-a36d324ff7e8,Garrett Vaughn,34,Female,"8129 Jacob Ville Suite 321
Port Monique, NH 29760",honeal@garcia-howard.com,160.673.5710,Checking,63898.81,2024-02-08
7a21d107-0a6e-4bdd-8f3e-ce4c174f235b,Jeanne Anderson,44,Female,"741 Shirley River Apt. 439
Ellisport, AL 71849",jacquelinerowe@stewart-jones.net,(067)479-5061x7931,Savings,74174.67,2021-05-17
a604be1d-0243-4037-81f4-7da8e9a2dbf5,Carlos Anthony,22,Male,"271 Cox Corner Suite 939
Coffeychester, OH 22766",katie68@buck.com,+1-788-284-0263x0172,Savings,52142.62,2020-11-14
fdf993de-c641-4844-946f-9f064ba4c417,Jennifer Hatfield,82,Female,"21410 Vasquez Isle Apt. 201
Lake Kimberly, KS 02062",rodriguezjason@hotmail.com,560-477-8985x868,Savings,63489.48,2023-02-15
768eb553-4160-41fa-9c26-e8f7346a1a34,Raymond Valencia,79,Male,"22998 Davis Trafficway
West Carlahaven, LA 74172",tylerperry@lutz-rodriguez.com,(352)064-9258x087,Checking,49086.96,2021-03-23
a6e86c7e-7d3a-49c7-a780-fa9d52e1d0ae,Thomas Owens,50,Male,"006 Bond Path Suite 003
Ronniechester, DE 21206",robert91@harmon-vargas.com,567-110-6287x081,Savings,66270.83,2022-01-01
33617605-b553-44f0-a83a-9515a13b81f4,Isaac Jones,69,Male,"085 Hill Passage Suite 810
North Jonathan, TX 12537",rojasstephanie@gmail.com,159.987.8038x2719,Checking,27382.77,2023-07-05
50536dc8-f146-4ac1-b8c8-0de0bfbfd4b7,Jeffrey Holmes,53,Female,"39513 Ashley Estate
Kevinville, AZ 91683",sjohnson@hotmail.com,177-807-9279,Savings,49704.8,2022-01-25
cc886e44-d51f-4935-b284-7ad578fee8b8,Melinda Moore,60,Female,"1984 Ricky Radial Suite 841
Andersonberg, RI 24014",chapmanrobert@richardson-lawson.com,(314)285-2458,Checking,90614.34,2022-02-12
b7c0f66b-0ed8-4565-9163-5549dae92fe8,Mary Brown,69,Female,"6394 Pacheco Harbor
New Johnmouth, TN 10539",gregory78@yahoo.com,392-014-5552x8746,Savings,87980.61,2024-02-03
30b706cd-3dc3-4253-ac15-0230cbf6dbe5,Matthew Brown,23,Male,"321 Davis Flats Apt. 380
Jasonmouth, OK 63023",alexander72@berg-stokes.info,+1-648-024-1347x44536,Savings,87191.6,2023-06-17
c77cc79e-58d8-4681-a91e-6a68c33fccb6,Mrs. Caroline White MD,64,Female,"71335 Michael Islands
Dunnton, AK 50292",salasjennifer@gmail.com,001-612-805-5134,Savings,1262.4,2022-02-27
a0812684-c4d6-46d7-aa39-8aeb5654df41,Christopher Rivera,31,Male,"246 Sanders Ford
East Laurenside, IN 44650",wendyford@larson.biz,(216)932-9169x1964,Checking,67524.8,2020-09-24
85c34635-dc6c-4dc2-813c-daa5a58e6ed9,John Ruiz,57,Male,"65338 Nicole Causeway Suite 220
Wongview, NV 30832",bryan45@gmail.com,0646294070,Savings,10453.82,2023-05-29
78992a3f-d4ca-479c-afde-4485c47992da,Vanessa Smith,44,Female,"47791 Jay Camp
Nelsonhaven, NY 74425",james89@coleman.com,974.947.9922x13899,Savings,19901.34,2020-02-12
b5182194-1c67-4846-bc45-d48eb553db07,Luis Mckenzie,23,Male,"6907 Marissa Drive
Mathisstad, IA 16816",coreythompson@lang-fields.com,(562)221-7515x7336,Checking,89346.31,2021-09-01
a63fca11-c007-4345-9bc2-1414b67dd6fe,Brenda Holmes,81,Male,"830 George Crescent
West Evelynton, SC 26122",robertmartin@hotmail.com,1379833843,Checking,68177.17,2024-01-24
25e394f5-dae8-40f4-a3ed-ec6b918b078c,Diane Palmer,41,Male,"277 Yu Meadows Apt. 949
Donaldfort, ID 49657",daniel60@weber-gilbert.com,4031253305,Checking,91325.55,2021-07-17
8cbd0b2c-664c-4aff-987e-a8e5a8280393,Daniel Gordon,41,Male,"43476 Powell Fork Suite 824
Christopherberg, IN 25718",phansen@hernandez.com,001-910-492-9931x3293,Checking,2125.51,2020-11-04
60f9bc82-a316-4610-9f4a-c13e5abfea7a,Teresa Sweeney,63,Female,"1424 Dean Radial Apt. 332
Smithville, DE 44752",vcortez@thompson-torres.info,508-412-2594x289,Savings,30745.75,2021-08-26
99d2a3b1-1b92-4d95-b0f2-1f9949e8fa24,Tonya Short,30,Female,"7174 Chase Prairie
Brownside, CO 53903",stephaniebrooks@vargas.org,001-677-237-8783,Checking,39258.05,2020-04-10
04b60ea6-73ef-44f2-a331-e51e9ce0d092,Terri Webb,23,Male,"00077 Lee Prairie Suite 669
Soniamouth, MS 32237",jeanette72@yahoo.com,(546)663-6188x8233,Checking,10688.49,2021-10-15
66b5ad5e-e0b8-4b5b-bd23-a1268fd57c40,Leah Robinson,42,Male,"871 Aaron Village Suite 683
Hillborough, OH 06546",ramirezrobert@taylor-murphy.com,001-595-432-6974,Checking,79860.54,2020-09-15
f7305a51-aad0-4df7-a414-2f46de659457,Eric Williams,63,Female,"297 Bender Hills
Scottstad, IN 92275",zhangdennis@yahoo.com,585.814.6172x1740,Savings,81559.47,2023-09-02
9416ae10-836a-4130-a053-c47664d29bbc,David Campbell,66,Female,"6427 Brown Key Apt. 475
Port Paulmouth, MA 16872",richarddavenport@rogers.com,+1-869-414-2680x3045,Savings,55273.7,2020-03-31
046122b9-c24e-4464-b087-1a12b4118eb2,Cynthia Rivera,61,Female,"3422 Taylor Well Suite 426
New Laurie, NJ 26199",molinajoan@gray.org,464.573.9025x31353,Savings,31772.61,2022-04-24
f96e1a55-8292-47f1-82d7-63fb7aec751b,Mitchell Gutierrez,40,Female,"95793 Meadows Walks
Deanside, VT 80369",christopherli@smith.com,2776859167,Checking,82042.45,2022-10-22
5552b487-d6c8-4066-ac39-e8b3ec080147,Tiffany Chavez,78,Female,"232 Joseph Mills
Courtneystad, MT 19133",nicoleterrell@cross.net,001-287-477-7486,Checking,23096.42,2020-03-19
c0f14833-85b4-402b-be37-2a6251b26a1f,Spencer White,40,Female,"441 Melissa River
Hamiltonbury, IA 25412",higginsangela@hotmail.com,001-883-323-9884x59226,Savings,62255.24,2022-10-27
de8e2bdc-d459-4b6b-9168-cf6f95370151,Rebecca Roberson,30,Male,"4913 Mayo Mews Apt. 182
Nicholetown, NE 54283",johnsonshannon@barton.net,6073867751,Savings,70045.74,2020-11-09
50041917-6b74-4d40-9315-f527f0c33df9,Jon Elliott,90,Female,"607 Jason Field Apt. 767
Shelleyton, RI 04210",jrichmond@yahoo.com,+1-423-649-2804x6931,Savings,16163.32,2021-07-09
cddbff38-fe87-4a84-b523-788e4279e9ac,Danielle Webb,51,Male,"81673 Timothy Mountain
Turnermouth, MS 83564",ryan86@yahoo.com,001-725-073-6963x3268,Checking,39485.23,2022-05-21
65954c21-b876-443d-b153-a58fb9790bfd,Susan Davis,41,Male,"398 Victoria Corners
Codyport, FL 04434",seanmoss@morales-hicks.net,432.646.4386x9097,Savings,27408.39,2023-07-11
85d043e0-4199-4bd0-9a2e-a7991bd6d92a,Bianca Prince,63,Female,"5746 Hall Lodge Suite 005
West Charles, ID 36921",eharris@saunders.com,157.354.5524,Checking,57777.88,2022-04-03
ad102ca5-ba5a-4feb-8439-debff40f1ffe,Amy Khan,29,Male,"4307 Robert Fall
Shellyberg, SC 31391",sellersvanessa@hotmail.com,(410)692-1386x70769,Savings,42741.45,2022-09-06
724d71b9-4640-43e2-b09f-037c89fb9cca,April Wheeler MD,47,Male,"248 Robert Glens Apt. 978
Clarkland, AK 01891",abrown@yahoo.com,7654524683,Checking,28981.09,2023-06-23
776146a3-1e5f-453b-89d9-7dbe50873c8d,Brian Gill,77,Male,"120 Sheryl Common
Lambertview, WV 27990",pnelson@francis-swanson.com,(471)139-4323x26219,Checking,47846.52,2023-04-02
b5ad6fb8-839c-4bca-846a-d78883786f7e,Amanda Burton,25,Male,"USNV Watkins
FPO AP 34617",hamptonronnie@hotmail.com,(848)446-7791x32263,Savings,61635.93,2020-05-10
feb1a80b-050a-42c4-964f-4e5d8d44aa2f,Brandon Hayes,47,Female,"640 Clark Extension
Melissashire, GA 60130",kjenkins@ortega.com,+1-722-303-3879x06865,Checking,7700.66,2023-03-20
c6d8a34c-bbab-4fc7-9b83-91a8ac99ed07,Ana Matthews,19,Female,"77942 Scott Circles Suite 896
East Mary, IL 38564",narias@yahoo.com,(973)349-3433x67907,Checking,66597.69,2024-03-08
79a644b2-435c-4da5-9b6a-c2bbc54a5e54,Daniel Raymond,21,Male,"734 Davis Street
Browntown, WV 77203",patriciamiller@gmail.com,(342)677-6864,Savings,96883.56,2023-11-09
7ef293e0-c6c1-4648-bd6b-f5b3c041222c,William Romero,47,Female,"34936 Jennifer Walks
Sharpton, GA 81016",baileyroy@smith.biz,+1-866-660-2474x5749,Savings,12028.73,2020-10-22
6dfb0314-460f-48bb-952b-2d0e9aca4d9e,Megan Gilbert,26,Male,"8605 Jones Ville
Mayston, OH 51900",xrichardson@gmail.com,(767)939-8787x36508,Checking,74128.39,2020-02-13
1e736b8a-bdc0-479c-8cfc-0772227c1d5e,Lori Cook,28,Male,"USS Miranda
FPO AA 78459",jodihudson@gmail.com,186.783.0138x403,Savings,71938.77,2021-06-07
236f046b-6644-457c-baa3-c18c29cccc79,Margaret Jones,43,Male,"Unit 6197 Box 2648
DPO AP 13720",davidsonpatrick@hotmail.com,129-570-2253,Checking,92393.25,2024-06-03
4ff13190-a35c-43ef-8efd-743fadd6bb23,Sara Gibbs,64,Female,"3808 Aaron Keys
Courtneyhaven, UT 30194",bhughes@hines.com,268-821-3937,Savings,2654.42,2022-01-24
ae43599d-05e1-413d-a2e3-e2a44d7837e3,Walter Chung,28,Female,"481 Diane Unions Suite 147
New John, WI 40189",imitchell@harris.com,001-651-418-4338x2207,Checking,62489.26,2021-02-10
3a804793-4bf3-4daf-b502-f1cdc9594e9f,Edward Rodriguez,83,Female,"86015 Bray Key
Cohenmouth, NJ 63567",matthew52@hotmail.com,267-659-3048x71014,Checking,43861.02,2022-03-30
25bade5d-8239-44d7-aab7-a8629c1cf263,Darren Richardson,82,Male,"2677 Stephen Trace
Thomasfurt, SC 50299",williamschristopher@reeves-humphrey.biz,+1-872-157-1314,Checking,3465.1,2023-05-21
832f139d-da22-4510-9f5e-ff0ec786bc2f,Stephanie Davis,61,Male,"PSC 2624, Box 8123
APO AE 54791",benjaminmark@gmail.com,(881)928-3958x820,Checking,60891.99,2023-03-26
b7188018-2a36-4f55-8262-a96d22b2706d,Abigail Mcdonald,46,Male,"2817 Jaime Manor
East Jennifertown, NJ 57125",ronaldwells@weaver.com,226-081-5704x448,Savings,98049.11,2023-02-18
f6f93947-7378-4e37-acac-cbc797013c0d,David Chavez,25,Male,"2685 Duane Drive
East Zoe, KY 35401",baileywilcox@collins-harvey.com,159-747-8568,Savings,90519.89,2021-08-15
881f6d71-d0ef-4570-ad78-b302dbe10627,James Nichols,47,Female,"03465 Spencer Bypass
Jonathanland, SD 82553",wdowns@yahoo.com,(071)433-8708x09975,Checking,73155.85,2021-01-01
84b802ca-15ae-4889-825e-37b6b30013f8,Christopher Beasley,69,Female,"40639 William Shoal
South Benjamin, AK 57622",janet64@russell.com,001-690-638-5767x3313,Checking,9101.64,2024-06-26
631264c6-cb0c-4e10-ac2c-1172f586d65a,Austin Elliott,34,Female,"27761 Angela Bypass Suite 883
New Jason, KY 67471",richard95@miles.net,+1-065-943-2852x98071,Checking,92166.76,2022-07-09
31010758-8aab-4b86-aa93-d9ad49d65d5d,Timothy Brock,89,Male,"5743 Johnson Drive
Troyberg, OK 48168",davidbaker@hotmail.com,+1-851-266-2152x1927,Savings,46507.83,2022-07-28
7af24864-e62a-499e-a966-e909148048ef,Mathew Lopez,78,Female,"89123 Durham Summit Apt. 251
Johnfort, VA 25003",lynnhoffman@roberts.com,+1-861-487-6566x9499,Checking,53841.4,2021-04-19
7b65bb9d-0c42-4b60-8608-b7b95d9772c8,Joseph Kim,29,Male,"4059 Caroline Vista
Montgomerystad, SC 94388",xmaxwell@gmail.com,149-664-2817,Checking,63727.91,2022-11-24
514e2e41-2c71-46c9-8ecc-8c45308641cd,Stephanie Morrow,83,Female,"2717 Mary Locks
Jenniferfort, SD 25657",ucooper@weber.org,128-766-5236x3654,Checking,41039.22,2023-10-28
e36027a0-b9a8-43db-acf9-5e69655277ea,James Davis,82,Male,"PSC 2731, Box 0057
APO AA 75065",isabel80@hotmail.com,+1-432-245-3607,Checking,18404.31,2022-09-30
bcdebafd-95ba-45bf-8056-3f1d6414ef88,Diane Taylor,37,Male,"53846 Aaron Parkways Apt. 163
Bennettburgh, MS 50949",zritter@gmail.com,(048)846-7324,Savings,9988.85,2020-08-08
21613b63-dd75-4868-aaa9-0b9a407e2b58,Mark Juarez,79,Female,"6480 John Squares Suite 940
Jacksonshire, NC 19375",hjohnson@jones.com,343.284.6209,Savings,89977.34,2021-08-30
c8482481-c03b-4d53-ae60-e8b0fa26dbb7,Adam Ford,50,Male,"PSC 9811, Box 8648
APO AP 19639",williamsmarie@guerrero.com,(724)343-4533,Savings,83625.01,2022-04-12
24547bde-6a3f-405e-8d74-270845babc1b,Juan Castillo,60,Male,"314 Madden Expressway
North Sherri, AR 05508",dharrison@hernandez-newman.com,0396526806,Checking,47541.38,2020-07-10
f2b31b55-4b4a-44ec-9c34-a118ae318db9,Stacey Anderson,86,Female,"583 Peters Cove
Donaldborough, WV 16635",wrodgers@barron.com,5189643604,Savings,53948.47,2020-08-15
66997c25-a1c1-4f6b-93c1-dfcf66df5804,Gregory Patterson,30,Male,"69575 Baker Cape Suite 300
Davidshire, OH 84231",blackjames@yahoo.com,+1-223-251-8598,Savings,11227.15,2024-01-28
87328f04-222f-43f1-938a-4932b23fc7ac,Julie Mccullough,83,Male,"PSC 2582, Box 4754
APO AA 30164",zacharylawson@hendricks.com,276-238-7133x872,Savings,34488.52,2022-04-03
47a67266-2110-462f-a682-07811e7a2434,Eric Jennings,51,Female,"392 Webb Plaza
Halltown, PA 56216",joseph11@gmail.com,835-176-9370x031,Checking,86230.66,2021-01-21
954df4fa-c3d7-4014-8a47-66947eed4cd0,Gary Williams,52,Male,"USNS Kent
FPO AP 75107",brian19@gibbs.com,501-843-8103,Checking,6036.95,2020-11-20
9a754150-2edd-41d5-9cf7-0195bd8af4a4,Wanda Gregory,49,Female,"Unit 2728 Box 9750
DPO AE 19992",michelleevans@yahoo.com,+1-854-971-8491x459,Checking,40068.13,2020-09-01
33de83b2-f11e-4d57-8947-b9409967764c,Kathleen Davis,86,Male,"6499 Griffin Trail
Port Sydneyton, NH 67083",twallace@hotmail.com,3864912602,Checking,33101.65,2020-04-10
935c2979-a215-439c-95c8-581c469fc604,Jared Jones,22,Female,"78083 Sandra Forest
Lopezville, NE 81560",dtran@morgan.org,945-668-0243,Savings,45462.19,2021-12-20
170fe55d-4d06-43aa-b393-b165f2689d03,Norma Gray,29,Male,"62850 Frye Corners
Lake Michael, IN 78810",james03@yahoo.com,(504)149-5283x09767,Checking,83344.4,2024-02-10
ba487fc2-021f-490b-9eb8-8c6bcddfa5fd,John Hernandez,37,Female,"536 Roger Station
West Gregorymouth, CO 93419",mark71@yahoo.com,+1-675-393-7841x22201,Checking,86171.88,2024-02-17
d4f704c6-103f-46ef-83a3-1fcf8f149e8d,Stephen Cardenas,44,Male,"4747 David Drives
Port Yolandafurt, LA 08957",nicholas14@yahoo.com,+1-969-047-5656x647,Savings,37693.21,2022-07-19
e5c5cb1b-d42f-4315-a9ca-7d6363157d03,Nancy Jacobs,55,Male,"598 Rachel Mountain Suite 720
Nicoleville, MT 06265",matthewnguyen@hotmail.com,960.150.5453,Checking,8777.47,2020-01-26
b9a0c6fd-140a-46dd-9044-17e28b000e2d,Brady Cummings,83,Female,"766 Tina Shore
New Daniel, WI 94294",tylerreeves@maxwell-mayer.com,795.730.3966,Checking,94689.99,2023-04-21
cee82296-b2d1-4c9a-aaca-350d4b89f144,Dustin Flores,25,Male,"041 Tucker Glens Suite 280
North John, OH 35638",alejandrowatson@hudson.com,067-196-5522x6810,Checking,50686.09,2021-03-22
e0006695-6c59-493a-a67c-f8a4494d573c,Lucas Blair,81,Male,"7176 Joseph Causeway
Port Jonstad, MS 42831",sandersdiana@hotmail.com,714.175.8271x037,Savings,31660.71,2022-06-19
f15a3ed9-e500-4804-a151-c947b3416a98,Ashley Jones,82,Male,"8597 Brenda Glens Suite 415
East Timothy, MS 93341",teresa30@cohen.info,+1-344-978-5120x147,Savings,42830.57,2022-04-26
d752b5cd-af63-46e7-9069-d7cbe8e839a7,John Skinner,63,Male,"8391 Jennifer Terrace
South Duane, VA 22538",dgomez@peck.com,820.454.0516,Checking,64961.03,2023-10-16
68b3f425-70b5-4cfa-bdf5-49a6f763c49f,Jessica Sullivan MD,67,Male,"3847 Sharon Inlet Apt. 009
North Kevinville, IL 49460",alex61@king.org,001-725-162-5786x74333,Savings,40852.87,2021-01-19
524e64b4-238d-41e0-8e6b-d37abc7d5c24,Joseph Edwards,87,Female,"50506 Baxter Extensions Suite 552
Landrybury, IL 93214",matthewcollins@gmail.com,+1-653-497-0373x1717,Checking,98098.39,2023-07-25
282c49f1-92f5-46c8-8979-3c73b714cbc2,Joseph Sims,86,Female,"848 Parker Lodge Apt. 832
Barryton, AZ 06156",john55@oconnor.com,423.166.7418x337,Savings,89485.08,2023-04-29
c038a9fd-6359-4285-ac73-a89150b7774a,Ryan Castillo,73,Female,"634 Sarah Common
Poncefurt, OR 08783",nsheppard@mckenzie.com,780.594.8724x368,Checking,41653.88,2023-01-22
e237a63f-eeda-45c8-9d95-5cb3b423bb93,Chad Wagner,56,Male,"3921 Harris Shore
Charlesland, FL 16084",gloriakhan@randolph.info,+1-933-973-6429x22147,Checking,57193.76,2023-06-17
bdcac122-2f0a-4bb0-a871-3d0294efb56e,Christy Mcgee,28,Male,"4748 Diane Estate Apt. 906
West Chelseyside, AL 06683",lindsay37@yahoo.com,809-974-5640,Checking,94300.96,2022-01-14
60a7ce7a-2cdd-4847-9d10-86567ca636fa,John Taylor,90,Female,"31996 John Village
Loveview, WY 23051",cheryl06@gmail.com,(022)945-8519x258,Checking,49524.9,2020-01-03
41c0fc22-a4b2-42ad-aeb3-1d73a354b649,Ian Reid,29,Female,"73224 Rachel Mountain Apt. 931
Lindseyborough, KY 49706",smontgomery@yahoo.com,2672967411,Checking,30448.55,2023-08-20
98732a2c-a600-4c43-96d0-6ea9821239d3,Jennifer Wilson,54,Male,"Unit 5631 Box 7888
DPO AE 45192",jennifer32@white.com,(727)494-1116x5205,Checking,33787.72,2021-01-16
d1c9e480-3aab-45a8-b162-d4302f5bf2bc,Victoria Fuentes,31,Male,"15881 Bullock Trail
Potterbury, NY 70089",umiddleton@hotmail.com,+1-682-200-9685,Checking,86632.46,2020-01-05
60135879-582c-4184-a114-ea05a80c1b9c,Gloria Mcgrath,75,Male,"42563 Debra Brook Apt. 253
Amberport, LA 76626",phillip81@yahoo.com,001-396-813-7875x469,Savings,36477.85,2022-01-27
b95a7fbf-db0c-4893-882b-69686e42cf4e,Heather Horton,51,Female,"USCGC Johnson
FPO AP 62481",ortegadeborah@myers.com,029.807.8628x6640,Checking,18642.46,2022-04-19
fd7a88ed-9268-4601-b28f-694ede966884,Dominique Cox,39,Female,"81381 Amy Parkway Suite 641
New Elizabeth, IL 39291",elizabethsampson@hotmail.com,001-522-749-1004,Savings,25986.64,2022-02-04
2d0db174-1b47-46d1-88d4-56a0740ed3ca,Matthew Daniel,40,Female,"964 Cameron Port
Raymondshire, MI 36001",perryjohn@yahoo.com,001-371-800-8741x910,Checking,17538.36,2023-02-26
239b9bf2-0db2-40da-9c84-cf1a9b6312a6,Allison Joseph,21,Male,"18575 Christopher Radial
Laurenberg, NC 29086",trivera@hotmail.com,(020)558-1715x1012,Savings,60469.98,2021-07-19
9558f93b-ecdb-432b-bf6b-b4676f15f65f,Jacqueline Kramer,20,Female,"663 Sharp Ports Suite 423
Clintonton, NY 55981",ericsmith@white.info,424.167.2992x18720,Savings,56046.62,2024-03-24
22017927-d28e-47ca-88bb-646310a32162,Tasha Collins,33,Female,"9260 Griffith Rapids
Herreraport, ND 69461",wilsonmorgan@gmail.com,2835387248,Checking,33362.61,2020-01-06
d4dbb386-3c91-4ddb-beb9-19df4b789bb2,Tyler Alvarez,49,Male,"3072 Wolfe Meadows Suite 558
East Shelbyfort, OH 80316",andrewrosario@stark.info,(936)197-1404x8101,Checking,74506.13,2022-11-23
53a7a453-7c49-4089-8aab-8726f04b5988,Brent Robinson,82,Female,"477 Colleen Skyway
Mallorymouth, OK 91666",nchavez@gmail.com,+1-715-583-8027x40992,Savings,59034.02,2021-10-04
2a33b2f3-3b40-45e5-bdbc-ff32df221525,Brandon Ramirez,85,Female,"08169 Veronica Trail Apt. 622
East Frank, NC 21678",john41@harvey.org,479.771.3823,Savings,82069.76,2021-03-01
0d90e21d-10f7-4336-8cb0-fd8083e58747,Douglas Waters,43,Male,"8890 Cobb Glen
Webbfort, WA 75657",donnaadkins@collins.com,557-022-5837x452,Checking,79072.24,2022-06-03
f3d92c5b-44ed-4337-b0d0-c92c39b56d61,Kimberly Kane,47,Female,"165 Eric Springs Suite 690
East Hannah, NV 95327",gcross@gmail.com,371.694.6240x2576,Checking,45275.93,2020-08-11
79491e90-cbd1-4c15-8dd7-1336e1407d93,John Webb,90,Female,"09873 Wall Crossing Suite 408
Antoniomouth, SC 66776",mharper@hotmail.com,1598419403,Savings,7321.8,2021-01-15
00bfb45c-1704-479c-84d5-a2c203520ef0,Denise Jones,66,Male,"71637 Robert Rest Suite 496
New Dorisstad, GA 01355",harrisrobert@yahoo.com,777-157-5950,Savings,84702.87,2023-12-20
247537db-1234-4ebd-abeb-36d396919e8f,Bernard Griffin,83,Male,"PSC 5220, Box 0324
APO AE 44636",buchananbrooke@yahoo.com,(203)142-5380x69634,Savings,1957.85,2021-08-16
b0411e4e-699b-496c-940c-5fb10b81fe35,Patricia Gonzalez,70,Male,"6422 Katie Fork Suite 478
Wagnershire, SC 55284",ewilson@lee.org,847-822-0387x46723,Checking,61327.35,2023-11-27
e6b859b3-12fe-4e45-aedc-cc45a2539f24,Glenda Wang,63,Male,"41614 Mary Pine Apt. 753
Rachelport, HI 50526",jill29@jones.com,145.550.8039x0626,Savings,61599.35,2021-01-26
8a1c688d-22d5-4ab5-99cf-5e3376415711,Nathan Moore,61,Female,"429 Kristen Ways Apt. 844
Melissatown, MD 77232",justin88@gmail.com,(928)387-7702x65134,Checking,51500.6,2021-09-05
35aa0744-3515-4e3a-a772-e62af45e8c3d,Jessica Finley,50,Female,"36423 Lorraine Prairie
North Melissaville, OR 89768",vhurst@hotmail.com,210-667-9859x9815,Savings,10920.36,2023-09-19
fbe54fd8-c467-4da9-a92f-9e0bdbf2cd57,Matthew Perez,59,Female,"1108 Jamie Island
Lake Sierratown, CA 91395",jennifer36@moore.org,4285193454,Checking,63083.37,2023-01-28
09ceacd9-7678-48fc-aa6d-4702147bc758,Nicholas Anderson,72,Female,"47198 Eric Court
Garrettstad, MA 05896",stephen68@yahoo.com,001-722-040-2272,Savings,80823.53,2021-09-24
a5fb5062-60b1-47f8-9802-8923700da334,Rebecca Nelson,58,Male,"31067 Taylor Club Suite 523
New Blake, AZ 64167",amanda05@hotmail.com,001-427-540-5478x6567,Checking,8956.81,2024-05-27
c8de4847-d9df-478b-81c4-a3e4396075ce,Matthew Wilson,68,Male,"900 Morgan Station
Donnafort, AL 93355",michaeldoyle@walker.org,+1-982-631-4376x4546,Checking,22080.96,2022-12-16
89bef8ba-886d-4311-bf81-f103bb06fd0d,Joanna Alvarado,78,Male,"20420 Edwards Drive Apt. 294
Dominiqueburgh, NE 91276",bryan85@dyer.com,5633956533,Savings,99450.68,2020-11-12
8aa8c914-720a-403f-9f6a-e23ba0128346,Vicki Roberts,39,Female,"USNV Turner
FPO AA 67646",lambertjennifer@thompson-bailey.net,919-587-3385x53655,Checking,91597.94,2020-11-05
d7dcd910-60ec-4555-85d8-fffda86d2e19,Jerry Moore,59,Female,"07813 Green Plaza Suite 111
Webbville, MN 46677",sean32@hotmail.com,(435)292-1766x82353,Savings,83679.27,2023-12-30
61cacba2-b630-4123-be08-f69cf70f48d7,Brandon Snyder,27,Female,"97205 Alexander Rapid Apt. 852
New Stephanie, VT 24876",williamvalentine@gmail.com,268-839-4502x723,Checking,45755.99,2020-12-28
65b19bf8-d7d5-40a6-b2ef-fd901bd7c458,Julie Cannon,86,Female,"2758 Mcconnell Common
Michaelfort, OR 81798",samuel89@gmail.com,724.372.2211x008,Checking,9507.11,2020-06-05
b68f32f5-6cf6-4117-9e02-ce2d729815e2,Andrea Brown,46,Male,"PSC 5928, Box 6820
APO AA 56897",theresabarnes@mcmahon.com,371.452.2780,Checking,71377.74,2020-01-26
17de082d-f20d-489c-8dcf-e91ec2ad6d1b,Lisa Roman,89,Male,"06759 Lauren Court Suite 961
Christophermouth, MO 66483",cartershannon@yahoo.com,177-631-6659x6563,Savings,86378.13,2020-12-26
d7790bce-f6ab-4a9b-9fc2-b4a4efff2457,Anna Lane,83,Male,"5065 Cory Oval Apt. 479
Roblesport, VT 77705",ireyes@hotmail.com,070.865.0736x2615,Checking,87946.64,2020-04-14
92a3b633-98fb-4f37-8ceb-3121ef5d96cb,Paul Murphy,26,Male,"67418 Christina Overpass
Kristymouth, KY 05186",charlottepowell@sandoval-mitchell.com,(063)609-4242x3286,Savings,6688.86,2024-02-03
80e85004-0722-48f3-8211-fde51e9d7b0b,Sean Willis,18,Female,"38012 Cochran Orchard Apt. 248
Lake Robert, KS 21459",bjohnson@black.org,899-951-9936,Savings,40398.54,2024-06-17
f8831a6e-dfcb-4df5-aebe-79177b6bd6d8,Benjamin Burch DVM,50,Female,"9138 Mason View Suite 460
East Amber, NH 48634",angelicamyers@hotmail.com,204-071-7429x856,Savings,58674.4,2024-02-08
4fab66e0-39a3-4b31-9a00-fb90afbdc06b,Veronica Glenn,42,Female,"USCGC James
FPO AP 50462",harrisondaniel@preston.com,385-079-8107,Savings,3289.04,2024-02-04
77e69ff8-2030-4e16-9fbe-374224549556,Sean Mcdonald,53,Male,"7368 Lindsay Stravenue Suite 475
South Austinton, MA 09507",qclark@welch.biz,(782)437-6936,Checking,71404.79,2024-05-13
2288bd69-6dfa-4464-9bbc-2eb98a5d55c5,Abigail Carr,28,Female,"Unit 5162 Box 0071
DPO AA 63221",gonzalezmario@rodriguez-fernandez.com,001-624-374-4285,Checking,79261.75,2023-08-09
8c38c781-2ad6-4757-8b71-acb9a22ced62,Caitlin Singh,38,Female,"59687 Rebekah View
Port Amy, CA 87132",buckleyrobert@yahoo.com,951-917-6181,Checking,22060.04,2021-08-08
bb0eecae-2c87-46e8-bf73-f87a8920a432,Melissa Bailey,78,Female,"57567 James Prairie
Whitebury, AK 87814",wandagraves@yahoo.com,+1-194-489-8883x19832,Checking,22920.32,2020-05-22
20bf1d2e-5927-415d-8faf-80e47f53c877,Brent Green,84,Female,"33419 Collin Forest Apt. 338
Lake Tracie, AZ 49208",tammymontes@gmail.com,480-339-3794x532,Savings,72517.42,2023-04-12
901641e7-7458-4f2d-80c3-b02460b4b0d3,Sandra Perez,67,Female,"04959 Villanueva Plaza Apt. 978
Timothyville, GA 87843",pdavila@robinson.info,001-181-471-2636x773,Checking,54367.52,2020-10-18
d358b962-70cc-4fab-b279-1b84ab41eed8,Jeffrey Jones,38,Female,"1306 Joshua Springs Suite 004
Smithside, MD 44922",johncook@gmail.com,168.381.4349x171,Savings,26378.79,2024-05-09
dd72fda8-e139-4694-8650-6328884e9a67,Ryan Wilson,55,Male,"66775 White Pines
West Jonland, NY 41782",christopherjenkins@hotmail.com,(019)150-4704,Savings,90029.54,2024-06-20
5a4a7cc6-fa4f-4ac4-a2a6-21017a7184e8,Nicole Herrera,82,Male,"34659 Michael Brook Suite 871
North Amanda, AL 18386",andrew81@holder.info,+1-681-359-3429,Checking,68546.81,2021-03-17
73160728-f73b-4c8e-91a3-b4889533b206,Gregory Silva,19,Female,"041 Blake Hollow
Petersburgh, UT 55253",shelly61@roberts-lee.com,130-030-9513,Checking,34985.18,2021-12-27
8f1b7e06-c473-4b34-8b78-1e34c26c0a21,Michelle Nelson,56,Male,"90078 Pena Tunnel
East Patrick, DE 04454",oharrison@brown-gutierrez.com,001-834-207-0346x804,Checking,39196.94,2020-12-02
eec10d2c-e77b-4aa9-818a-696a7857a642,Victor Torres,87,Female,"983 Watts Roads Apt. 038
West Annaside, DC 12647",williamharmon@yahoo.com,5162832744,Checking,92364.11,2022-12-08
fad3a6b4-ff4d-437a-a774-d11e1b071f83,Michele Curtis,61,Female,"179 Campbell Ferry
Joelside, ID 94448",katrinahill@hotmail.com,052-917-2251x77617,Savings,55710.24,2023-06-28
e2639278-768c-4bef-a3ba-5f8193234339,Kristen Williams,60,Male,"394 Hughes Ridge
West Sarahbury, WI 84330",patricknorton@austin.info,(866)331-0896,Savings,15086.71,2021-09-17
969cad39-32ee-4a08-9f93-7f3c785cdfe8,Kyle Bailey,90,Male,"81855 William Shore Suite 419
Woodsstad, SC 39922",christopher82@morgan.com,915-255-9650,Savings,52740.93,2022-08-19
e9432c79-07b2-4c57-9c33-2060b8306862,Julia Matthews,79,Male,"661 Marquez Mill Apt. 492
Kimberlyborough, OR 26112",justin75@yahoo.com,(733)136-9669,Savings,15458.26,2020-12-18
f69714d5-812b-4098-9ebc-39de15f7f458,Michael Thompson,31,Female,"0300 Miller Corner Suite 162
Port Connor, NJ 98299",perrydonald@gmail.com,489-529-1370x97189,Checking,94602.89,2022-05-06
6b0b436c-23d0-4cd1-bd16-3ca908dd16dc,Laura Roberson,37,Male,"16911 Ryan Path
West Heatherton, WA 43970",hernandezrobert@hotmail.com,334.344.8115x53353,Savings,85738.54,2020-08-20
7b44de1c-b44b-46d4-8ce3-ada5d9826392,Kim Mason,52,Male,"2789 Garcia Bridge Suite 906
Hartborough, KS 53625",amanda12@johnson.info,001-041-980-8829x151,Savings,25136.65,2021-10-30
873206ef-b088-4603-9eb4-fea39e457091,Danielle Pearson,67,Male,"52382 Donald Mountains Suite 114
North Michelle, UT 38357",sharon67@stewart-stewart.com,(846)008-1813,Savings,76040.04,2020-07-27
2dd29f65-77e2-4e11-bb18-6e6ce2657f79,Amy Moore,18,Male,"629 Thompson Ford Apt. 262
Amyborough, MS 48517",christianronald@hotmail.com,001-616-806-2199x30768,Savings,95808.62,2024-02-22
cb750ef4-e03f-4a01-a77b-9a9c42bbb7a3,Sean Ellis,63,Female,"17144 Freeman Trace
Lindsaytown, TX 06243",raymondlucas@yahoo.com,1709550004,Checking,22101.03,2022-12-24
eb59bff0-7504-4030-b7b4-584eb73fb357,Tracy Dean,39,Female,"7436 Miller Brooks Suite 406
South Christopher, MO 24788",april52@yang-oneal.com,1621821089,Savings,57348.53,2022-08-22
6c71bf63-302a-48f6-98df-09cec77a4a77,Taylor Brown,85,Female,"566 Clayton Lodge Suite 930
Williamsonton, TX 31645",jpitts@martin-johnston.net,699.248.3969x9713,Savings,92964.24,2020-06-15
9ead72da-51ef-48f5-b316-af3d99c893b9,Morgan Riley,83,Male,"93172 Carolyn Freeway
Richardtown, TX 04722",stephaniemeadows@gmail.com,859-940-4680x03311,Checking,11981.32,2021-07-04
d722be95-ba4d-441c-bbab-b178005ad43b,April Shea,88,Male,"86904 Cynthia Flats
West Eileen, AK 63495",eric48@gmail.com,636-107-7314x79103,Savings,53618.73,2022-08-13
92be0bd6-9470-494e-a18a-d5ca8df237c2,Cheryl Shea,19,Male,"66660 Jackson Tunnel Apt. 736
North Anthony, MS 43022",luisprice@yahoo.com,642-798-7242x0672,Checking,67235.94,2021-03-30
4d8b18fd-6753-480a-a025-d23c29c4edb1,Anthony Jones,25,Female,"87695 Joseph Key
South William, RI 02612",michael15@cook-boyd.com,+1-850-458-3611x7508,Checking,16568.82,2022-06-04
88ce1748-a87c-4aad-a068-2a1fb4372b06,Sylvia Franco,50,Male,"66528 Kimberly Station Apt. 370
Greenland, DC 40813",rhunt@baker-mueller.com,001-554-496-7119x3210,Checking,20389.56,2023-08-09
32153d2b-5b50-40b4-8e6e-2532140e2398,Ashley Johnson,33,Male,"68857 Sherman Hills
Rodneyhaven, DE 01276",bruce06@yahoo.com,007-686-9936x70127,Checking,20748.15,2022-09-02
5a358724-fd4d-4b7b-93c5-7f44c40c4ad5,Anita Thomas,31,Male,"6694 Jacob Viaduct Apt. 809
West Kevin, OK 70952",dakotamichael@andrews-wood.com,8194503652,Checking,10889.89,2023-07-15
d8a1a418-0def-484a-92ac-42bd6a66098c,Hannah Reyes,28,Female,"628 Brown Canyon
Alexandrashire, AR 07151",kchang@carpenter.com,001-137-266-5200,Checking,47300.05,2020-11-27
2cb5eb97-1010-4efa-a9a0-e1b9f075891b,Melissa Peters,60,Female,"52780 Mitchell Glens Apt. 796
Lake Caroline, MN 31112",charles20@yahoo.com,+1-596-450-6594,Checking,30821.85,2023-12-24
f223ee15-bea8-441e-ae7d-dd3071cfcc6c,Willie Watson,68,Male,"91810 Obrien Mount Suite 215
Amychester, AK 84554",greenmatthew@underwood-nunez.biz,870.656.1100,Checking,52820.09,2023-09-20
52c82854-1490-4d9e-8539-07fe040b233e,Annette Simon,25,Female,"6697 Patrick Coves Apt. 155
Carpenterburgh, NY 11709",ycook@yahoo.com,8876545897,Checking,66375.29,2020-06-25
78d21d42-ede2-4ce9-be31-aed5f4a75769,Daniel Gibson,63,Male,"27292 Melissa Canyon Apt. 378
Port Donna, ND 54410",benjaminporter@yahoo.com,802.393.9518,Savings,51493.93,2024-04-09
9d7fa76f-29f2-4c94-9bb1-9c47730003a4,Emily Anderson,84,Female,"7174 Jessica Points
Rhodesland, MD 15148",pagejoshua@hotmail.com,2088563344,Savings,28783.52,2024-04-25
b9623622-1258-4a6f-8cbc-3f6d821c375c,Brian Jefferson,76,Male,"840 Shawn Lodge Suite 174
Lake Justinton, TN 09657",hendersonbrandon@zimmerman.org,001-996-965-2310x123,Savings,19794.88,2023-08-25
a073bab4-0138-4229-9410-800ea88bcbea,Martha Howell,67,Female,"511 Gutierrez Park
Bethanyville, TN 06794",changcynthia@gmail.com,580.813.9509,Savings,13497.27,2020-05-05
ba1baf20-61aa-4b6d-916a-4cba17f2a974,Cindy Cantu,60,Male,"9319 Jones Lane
Joyceburgh, HI 94102",scottholmes@hotmail.com,(650)011-1267x37920,Checking,13029.93,2020-09-10
6bcb2325-b343-4b8e-a6b9-21c9d1672275,Aaron Parks,44,Female,"9023 John Street Suite 952
South Danielton, AK 03201",ashleyterry@sharp-ward.com,001-822-007-8063x4210,Checking,34264.31,2022-09-14
9fc96097-9973-4c1d-8ce9-4758f5f67da3,John Torres,59,Female,"9245 Kaylee Lock
North Jonathanfurt, ID 26912",richard81@kim.org,834-108-1544x294,Checking,93794.15,2024-02-26
bab90b8d-0ab5-4255-b9c3-e863a3d75157,Jeremy Lopez,41,Female,"8395 Smith Motorway
Melissamouth, NH 28252",annettesmith@ho-cummings.com,501-392-3322,Checking,93267.51,2024-02-05
f945e525-4793-4a1a-8b81-cc1839decca1,Jillian Mcgee,20,Female,"7240 Bailey Ford Suite 601
New Christopher, AK 73455",christopherwilkerson@shaw-smith.info,587.483.5540,Checking,24346.14,2023-02-05
a1433475-c511-4031-b64b-94b9d2f5e411,Jason Arroyo,41,Male,"743 Steven Fields
Kellyshire, NM 82502",fbartlett@gmail.com,109-636-4136x6327,Checking,83801.44,2020-06-16
a799d21d-0a44-4aad-9f2e-31e7b2f47251,Wyatt Gonzales,79,Male,"4041 Brandon Vista Suite 157
West Megan, MI 61801",joshuaburns@mcclain.com,+1-744-724-8254x830,Checking,63398.94,2021-01-31
6fce22cf-cfed-4943-a5b8-3d71f832e39f,Anna Fox,24,Male,"88011 Thomas Inlet Suite 786
West Kevinfurt, KS 24775",geraldsolis@gmail.com,(991)844-9197x74207,Savings,27360.41,2023-09-29
21aaf8bb-63a6-4b88-b85e-8497c122288b,David Meyers,40,Female,"341 Joanna Springs Apt. 801
Montgomeryview, OK 85479",bmartinez@hotmail.com,557.191.1640x6552,Savings,51383.73,2023-08-02
8e88df6c-2dce-4c62-9db8-ae3e0f766477,Todd Gonzalez,23,Male,"0844 Vicki Islands Apt. 116
Lake Courtney, CA 73843",jeffrey78@gmail.com,078.642.9604,Checking,50439.34,2021-08-17
d6135d6f-5ed8-4a7c-b876-942d4ac3a1ed,Crystal Howard,25,Male,"68527 Anderson Way
Port Anthony, WY 20736",ashley19@flores.info,+1-914-286-6956x2706,Savings,41703.07,2020-03-29
71955280-a878-43a3-9691-3e763a456ae7,Michele Griffin,47,Female,"255 Anderson Dam
South Seanside, ND 72937",laracharles@hotmail.com,873-425-8674,Checking,65274.66,2020-05-14
1a2afbb8-9ef8-4828-b6cf-a8a1b31964c2,Whitney Smith,48,Male,"81077 Wilson Island
East Monicastad, TX 25029",fgrimes@hernandez-morales.com,6202212652,Savings,67897.67,2020-01-09
e43e3474-f36f-4472-8e4d-7d11db2fb661,Jerry Myers,51,Male,"29625 White Coves
Andreaport, UT 18640",cindycastillo@barry.biz,570.157.0783,Savings,94017.96,2024-01-10
ad6436b1-0206-4494-b9c3-24182526ddfa,Aaron Small,18,Male,"059 Craig Road
Luisborough, MT 65373",kaylablackburn@gmail.com,257-285-7039x737,Savings,85827.56,2023-09-24
63a9b9fa-ec5c-4be3-a14f-611d11ca07a2,Tracy Webster,24,Male,"68273 Michael Dale
East Laurieshire, AK 21966",james37@roberts.info,3416956905,Savings,29178.13,2020-02-27
d47e5602-2e04-4316-8996-da90c7b631c5,Anthony Scott,65,Female,"PSC 8947, Box 6513
APO AE 40893",candacejackson@yahoo.com,001-747-503-6328x759,Checking,3226.27,2020-10-28
974395f1-1742-4614-b6f0-a346412dd835,Heather Terrell,54,Male,"9294 Christopher Mission
Olsonland, OH 33866",barronmargaret@hotmail.com,(960)733-5796x75597,Checking,34281.28,2021-06-20
b14258fb-0114-4324-a141-91a088bfb61c,Diana Lewis,65,Female,"428 Brittney Knolls
Toddberg, RI 88397",wesleyevans@wilson.com,880.259.9138x210,Savings,25655.48,2020-11-03
223a5a69-762c-40ce-8841-44291c4efc72,Mary Parsons,49,Female,"PSC 8213, Box 3810
APO AA 01940",wmiller@hotmail.com,(227)736-3856x38644,Checking,36519.73,2023-07-29
e676ba0a-aaa0-4dd8-b24a-16471675666b,Christopher Arellano,18,Male,"1890 Ayala Ports Apt. 183
Marshberg, GA 45688",alexisaguirre@hayes.net,699.277.2612,Checking,11062.29,2022-11-21
f3115b7e-0fdc-47d8-8baf-04e50b2eb855,Jacqueline Payne,44,Female,"96275 Walker Mission
Christopherhaven, MI 81542",gravesronald@yahoo.com,943.907.2516,Savings,35322.01,2023-11-08
2ef7ac1b-c8a9-408c-b142-2ddf41489d77,Julie Butler,69,Male,"PSC 5556, Box 1283
APO AA 46414",kimkaren@yahoo.com,005.618.4568x0115,Savings,59186.73,2022-02-04
db75c8fa-99cd-4833-b4c9-6a1958a41e10,Robert Dorsey,24,Female,"5975 Russell Trail
New Leeborough, TX 73704",timothy43@wilson.com,395-132-2155x6114,Savings,26933.47,2020-04-03
e0ec0c71-4b9d-4b19-b14f-5f90528a07b1,Mr. Edwin Smith,74,Female,"243 Graves Center Suite 743
Stewartside, AK 17037",powellmark@morgan.com,+1-167-583-6985,Savings,74484.95,2023-10-24
098cbf04-35da-4c32-9391-67c097c5119c,Victoria Chapman,59,Female,"10442 Welch Plaza
Matthewberg, AZ 01337",christopher51@yahoo.com,(038)989-8131x94832,Checking,93096.53,2020-07-21
a2cb02ae-4e36-47cc-bd94-dbc25b37dc08,Heather Schultz,65,Female,"748 Williams Rapid
Michelleborough, IN 13004",cbutler@pierce.info,690-651-5595,Checking,31957.26,2024-06-11
4865b23a-5c7f-48c6-acb5-023b35f2af31,Vincent Moore,42,Male,"9599 Snow Pass Apt. 885
North Adammouth, UT 93287",warmstrong@hotmail.com,138.744.1464,Checking,21870.52,2021-05-15
c79a908e-dcb9-4f47-bebe-a151f1815743,Monique Hahn,24,Male,"4068 Daniel Harbors Apt. 847
Cindystad, MN 92642",bowmancarla@medina-jackson.info,001-906-869-2327x9440,Checking,62158.27,2023-10-04
23f40fa6-25d8-4df9-ad90-ad1965d16952,William Peterson,72,Female,"PSC 7791, Box 1497
APO AE 94734",ashley16@mason.com,2321303401,Savings,55978.23,2024-04-27
1e551667-10e3-49c5-abae-b2dd2b1d71a0,Mary Wilcox,62,Male,"13852 Jeffrey Cape Suite 268
Connieville, AZ 04980",hwebb@wall.com,784.792.0124x895,Checking,1074.77,2021-12-01
35e69dd1-e9d1-4c70-b774-a9a8c4a73436,Andrew Nash,68,Female,"357 Little Ford
Kaufmanton, NC 51195",bakerchristopher@yahoo.com,016.980.4460x7156,Savings,63699.63,2021-10-17
19ce3c8b-f74a-4662-be9a-fee9f9bcbb83,David Rodriguez,33,Female,"00318 Miller Pass Apt. 927
Andrewsborough, LA 26065",michellelarson@chase-boone.com,(627)472-2632x940,Checking,43674.61,2020-01-17
97765b11-0574-43c1-a394-f08ba7ba4ee9,Linda Parker,35,Female,"1553 Zachary Wall Suite 693
Kirkmouth, VT 26259",preed@martinez.biz,001-070-135-9534x5433,Savings,83701.93,2020-05-08
24d4ab12-f271-4667-af6f-b33664db0c21,Tracy Carr,41,Male,"30765 Kristin Mount
New Rose, OR 67711",michael51@buckley.info,+1-361-971-8934x002,Checking,66394.79,2024-03-22
6c13c614-029d-4618-95f9-466da563716f,Jesse Gonzales,82,Male,"7911 Chavez Roads Apt. 073
Nicholasside, DE 54311",otaylor@wood.biz,453.150.8748,Checking,17575.01,2021-11-24
49438f07-b12a-41f8-86db-83ec72b569f0,Christie Tucker,53,Female,"9143 Todd Mill
East Paul, MS 19570",xjenkins@moreno-gonzalez.net,001-185-503-6545x839,Savings,81349.81,2023-09-30
56f3fc78-1b9a-4983-a849-5951c97a2b5e,Donald Osborne,45,Female,"00265 Zachary Road
Hudsonberg, HI 91877",gibbsjoshua@gmail.com,001-685-322-3693x17570,Savings,1242.66,2021-09-03
7384885e-85d4-4d3d-9b5a-231ff795cf00,Danielle Anderson,86,Female,"96663 Martinez Ridge
West Wendy, RI 16909",heather10@hotmail.com,642.760.5032x4280,Savings,54493.57,2023-09-30
e92793b6-17d3-4bcd-8490-380f62e96b5f,Joshua Pena,21,Male,"51973 Jonathan Prairie Apt. 067
Deniseport, ID 25638",flowersamy@nunez.org,(438)111-3176x208,Checking,2820.17,2020-10-17
2f068901-4d0b-4a4f-8f2e-c63fc58524ee,Fred Lam,46,Female,"21698 Samuel Ville Apt. 515
South Elizabethland, OH 55382",bryantdonald@jackson-johnston.info,001-524-077-5261x04624,Savings,19373.24,2021-06-18
52f4a999-87a2-46f8-bd02-981978693859,Ryan Mitchell,58,Male,"38271 Anne Crossing
Port Patriciafurt, MA 94168",torresbethany@jefferson-terry.com,470-116-9361x6110,Savings,22815.22,2020-08-20
9250a85f-1462-4b1c-81fc-c88cbdde28b0,Laura Rogers,61,Male,"45048 Gutierrez Parkway Suite 967
Silvashire, NV 59258",ikennedy@sullivan-thomas.com,001-965-679-6674x431,Checking,29373.86,2021-06-01
04eb9351-936d-40f4-a0e2-c2d25138caf2,Timothy Nichols,39,Male,"8892 Cody Unions Suite 146
New Michael, MN 86707",taylor79@price.com,(391)608-3693x130,Checking,6953.18,2020-09-13
eae1c425-de44-4553-a85d-d0341b3598b5,Jeffrey Gill,27,Female,"706 Hill Junctions
South Steven, KS 93188",nicholasthomas@gmail.com,+1-288-448-9843x66925,Savings,7983.84,2022-07-05
b346454e-194f-4604-be3c-c1b1b32df782,Jason May,62,Male,"76230 Maddox Trace
Philipchester, SD 31286",jonesmargaret@chapman.com,+1-388-004-0969x0584,Savings,46494.94,2021-10-17
88aaa6df-08d7-438b-b73d-45a27416538d,Donna Crane,87,Male,"PSC 4533, Box 5050
APO AA 34201",medinasara@gmail.com,151-731-8355x9006,Savings,66694.7,2021-01-28
047e815f-d2c0-4a72-aec8-d0d88bf6c4b5,Alicia Reyes,49,Female,"29131 Timothy Fords Apt. 373
Lake Hannahmouth, KY 24489",bowmanjeffery@spencer.biz,001-410-739-7606,Savings,64789.47,2023-12-18
998e6a80-2839-4d4c-aec2-97a06722e0e9,Roger Sanders,85,Male,"277 Allison Ridges Apt. 721
Castanedaport, NY 33537",joneserin@gmail.com,+1-838-888-4907,Checking,85571.45,2023-10-17
e4ac43bb-6ec0-4009-bad8-5e2da70ab8e6,Brett Martinez,18,Male,"120 Julie Course
Staceyberg, MN 20215",ngreen@gmail.com,+1-862-101-5964x49629,Checking,2370.9,2022-10-11
0dd4a96c-270b-4ac4-9b45-fbfe199932dc,Dave Beck,38,Female,"USCGC Murray
FPO AP 40067",ynichols@hotmail.com,(970)609-5001x8240,Checking,27582.71,2022-10-05
ee70a08a-8094-48dd-a4f9-66a2fbdc9fdc,Jesse Coleman,83,Female,"712 Renee Flats
Deanchester, ID 79254",simmonsjohn@gmail.com,7760473420,Savings,15766.37,2022-10-11
b549780d-7d24-46f2-aa92-158d1469e732,Nicholas Fox,46,Male,"79048 Jones Mountains Apt. 285
Kristinatown, ND 21122",harrisheather@gmail.com,515.958.5789x41217,Checking,75322.53,2020-11-09
f26a0804-2005-41b7-a160-0c271aae432f,James Serrano,77,Male,"122 Amy Lights
Stevensonmouth, PA 18582",wnewman@griffith.com,(598)899-1856x139,Checking,30032.21,2024-01-26
e3a60421-23ba-4432-acc4-d1b88a1eaf46,Stephanie Dixon,62,Male,"812 Gonzales Stravenue Suite 728
Michaelshire, NE 29181",bradley36@hotmail.com,751.086.3678x4341,Checking,80664.92,2023-07-03
1287dc39-7597-4aa3-8697-b48ad50ca202,Nathan Cooper,90,Male,"143 Contreras Glens Suite 338
Kaylaville, UT 23846",dwelch@hotmail.com,459.022.8009,Checking,15798.48,2021-12-20
360f3c5a-fd4f-4ffa-a884-070b6700f1dc,Jermaine Lowe,76,Female,"625 Espinoza Camp
Port Kyletown, SC 57634",bmartin@gmail.com,001-140-448-8117,Checking,45159.84,2020-12-19
